Change Open Price (%),Change Close Price (%),Change Trade Volume (%),Change Turnover (%),Revenue,Net Profit,Gross Profit,Total Assets,Total Liabilities,Equity,Export Change,Import Change,Sentiment Score,Loan Category
-7.36,-9.52,-18.1,-16.11,11.98,-38.74,25.4,4.67,87.11,30.21,-8.25,-5.29,0.12,0
-5.28,-6.58,-17.57,-12.38,16.91,-30.36,34.46,78.55,85.65,30.89,-7.97,-9.12,0.11,0
-9.56,-8.83,-19.28,-13.98,15.46,-41.48,9.14,8.4,71.53,3.57,-7.55,-9.11,0.17,0
-9.86,-7.2,-14.13,-17.87,19.29,-24.03,19.99,77.14,61.63,34.06,-7.04,-8.35,0.18,0
-6.99,-5.35,-17.63,-15.47,41.59,-28.36,30.56,82.74,62.71,30.07,-8.99,-6.08,0.11,0
-7.9,-9.79,-13.5,-15.88,37.92,-26.77,44.52,8.63,98.07,7.1,-9.34,-6.23,0.01,0
-7.74,-5.39,-14.78,-15.03,28.92,-1.69,4.65,21.86,86.78,4.0,-8.89,-5.68,0.03,0
-8.0,-8.86,-12.91,-16.56,18.17,-17.24,11.04,88.2,58.3,28.07,-6.89,-6.37,0.1,0
-8.61,-6.33,-12.82,-15.37,9.53,-40.26,18.3,60.7,85.0,47.46,-5.17,-5.76,0.05,0
-8.25,-8.63,-10.93,-14.79,29.35,-1.25,34.87,8.09,75.03,47.59,-9.56,-6.76,0.07,0
-9.45,-5.75,-13.81,-13.37,48.46,-39.25,2.02,26.48,76.57,47.51,-6.17,-8.75,0.16,0
-9.88,-6.2,-15.15,-15.01,23.32,-37.38,49.08,18.67,79.46,30.25,-7.82,-6.19,0.13,0
-6.41,-7.47,-14.81,-15.42,4.52,-23.09,21.54,42.32,93.76,44.2,-6.94,-8.4,0.1,0
-9.9,-7.59,-19.99,-14.82,36.12,-29.98,4.16,5.71,74.58,1.18,-5.96,-7.87,0.02,0
-9.53,-6.4,-12.47,-17.57,6.88,-43.85,37.62,93.04,97.26,4.85,-7.34,-6.54,0.03,0
-6.76,-5.46,-19.41,-19.96,34.97,-42.42,10.16,22.53,80.82,34.05,-7.53,-6.47,0.14,0
-7.44,-9.77,-14.28,-10.88,13.48,-49.64,27.8,69.97,82.26,47.33,-5.61,-7.23,0.13,0
-9.06,-6.47,-15.12,-15.03,35.5,-2.86,42.77,39.96,61.98,26.92,-7.46,-6.99,0.15,0
-9.13,-8.35,-14.83,-10.48,12.79,-23.98,46.09,40.56,56.81,13.88,-8.93,-6.5,0.12,0
-6.4,-5.58,-11.69,-16.02,30.23,-45.84,31.7,73.75,88.16,31.37,-9.79,-7.11,0.09,0
-9.55,-7.1,-17.22,-17.06,28.43,-25.68,23.91,31.69,88.06,20.16,-5.81,-7.48,0.04,0
-7.68,-6.73,-11.45,-11.1,1.67,-4.93,8.54,10.98,84.75,21.89,-6.67,-7.39,0.15,0
-5.19,-5.89,-10.75,-17.29,39.06,-1.67,34.6,79.31,61.61,19.42,-8.59,-6.17,0.03,0
-7.09,-7.35,-11.53,-12.0,43.39,-12.95,43.48,19.86,64.99,38.15,-8.55,-8.12,0.19,0
-5.55,-7.27,-11.47,-13.28,36.1,-28.12,49.71,12.52,94.26,14.02,-5.95,-7.51,0.13,0
-8.87,-9.57,-10.21,-16.48,38.81,-44.64,29.82,85.07,89.43,3.53,-6.29,-8.74,0.16,0
-7.56,-8.77,-13.27,-18.18,21.36,-36.47,1.34,6.31,62.98,15.98,-9.75,-6.03,0.13,0
-6.6,-8.56,-12.89,-18.88,1.96,-21.59,16.71,10.57,90.82,39.05,-8.84,-6.41,0.19,0
-7.26,-9.8,-13.02,-18.45,39.02,-2.76,49.11,44.08,92.27,5.23,-7.79,-8.08,0.06,0
-7.93,-8.95,-15.24,-16.46,2.72,-43.65,0.36,99.15,59.95,6.82,-5.57,-8.9,0.14,0
-6.2,-6.08,-14.22,-16.62,40.91,-47.56,15.33,70.95,81.11,30.53,-9.87,-9.26,0.18,0
-6.17,-6.71,-12.88,-14.15,13.42,-24.68,27.66,60.74,81.68,32.17,-9.08,-8.97,0.17,0
-9.53,-6.9,-15.4,-14.15,45.43,-6.34,39.13,69.05,94.57,14.15,-8.14,-6.81,0.09,0
-8.64,-7.42,-13.0,-16.39,39.21,-1.59,36.2,28.86,72.34,47.04,-5.63,-6.84,0.16,0
-8.49,-7.03,-10.81,-15.24,40.37,-3.09,47.0,48.23,81.18,18.94,-5.81,-9.5,0.13,0
-5.12,-8.11,-19.0,-13.86,22.15,-39.03,5.1,90.09,80.32,8.86,-9.29,-8.89,0.11,0
-9.32,-6.7,-16.37,-16.36,40.47,-48.39,48.9,38.98,98.32,28.97,-8.38,-5.34,0.17,0
-6.21,-9.16,-17.21,-15.52,46.94,-24.57,33.46,89.63,55.44,14.71,-6.31,-5.21,0.18,0
-5.47,-7.07,-12.02,-16.43,33.47,-22.32,30.95,4.06,52.99,17.12,-7.04,-5.3,0.17,0
-7.17,-5.84,-19.26,-17.15,11.16,-47.14,30.17,43.68,69.7,22.55,-5.24,-6.2,0.05,0
-8.18,-9.85,-14.63,-14.03,28.96,-30.14,30.19,17.1,89.18,28.11,-6.54,-9.02,0.14,0
-5.61,-9.41,-18.06,-10.7,39.78,-25.32,29.51,69.52,89.33,20.22,-6.59,-6.6,0.0,0
-8.86,-5.24,-15.55,-18.35,4.36,-39.21,38.26,91.35,77.78,31.18,-6.68,-8.75,0.13,0
-9.88,-5.58,-10.16,-11.68,24.89,-48.36,28.44,17.31,51.24,3.67,-6.36,-8.93,0.09,0
-7.46,-5.08,-12.51,-10.08,28.75,-45.01,45.48,13.63,64.9,22.1,-6.58,-8.66,0.07,0
-8.92,-8.52,-16.87,-16.84,49.13,-6.47,12.17,66.91,83.43,44.28,-9.35,-9.89,0.03,0
-5.89,-7.4,-16.94,-16.37,28.38,-34.62,11.98,83.79,94.82,5.41,-9.19,-5.26,0.2,0
-7.32,-8.49,-16.21,-17.13,12.16,-23.86,18.74,79.7,60.61,46.99,-8.68,-7.65,0.05,0
-7.29,-6.4,-15.16,-19.26,31.66,-41.07,26.52,42.3,89.1,43.05,-8.66,-9.67,0.12,0
-8.15,-7.39,-15.36,-16.02,44.96,-29.51,27.38,76.07,82.57,29.34,-5.21,-6.8,0.12,0
-6.54,-5.95,-18.58,-14.58,12.54,-3.27,39.13,28.2,89.97,8.32,-6.78,-5.47,0.05,0
-5.83,-9.65,-14.47,-12.43,3.54,-27.79,18.72,74.49,74.69,0.32,-8.83,-8.72,0.16,0
-7.25,-7.62,-12.41,-16.34,5.35,-33.4,8.73,49.43,85.16,45.05,-6.29,-9.15,0.1,0
-8.84,-8.72,-16.28,-16.89,18.36,-49.02,47.57,70.4,93.0,30.93,-8.55,-7.8,0.11,0
-8.84,-7.89,-19.02,-10.64,34.18,-33.48,43.21,76.43,77.82,9.89,-6.66,-5.81,0.14,0
-9.66,-8.85,-12.56,-14.31,21.93,-49.36,21.52,62.61,86.66,35.42,-7.97,-5.11,0.03,0
-5.53,-9.03,-13.79,-17.27,29.19,-24.43,37.58,51.49,78.32,12.58,-6.69,-9.99,0.01,0
-9.85,-7.24,-12.86,-11.4,17.75,-25.24,41.78,59.24,82.74,30.84,-8.74,-5.08,0.15,0
-6.15,-5.57,-15.0,-13.32,39.62,-11.26,12.57,17.76,97.01,36.84,-6.89,-8.23,0.1,0
-5.68,-5.1,-16.72,-13.07,30.62,-5.95,12.05,98.7,89.5,18.71,-9.2,-6.97,0.06,0
-5.85,-6.23,-16.7,-19.01,25.46,-44.79,3.73,43.52,56.33,5.2,-7.69,-8.74,0.17,0
-5.36,-9.24,-11.27,-16.53,17.68,-37.41,14.43,63.86,83.27,10.98,-9.5,-8.66,0.0,0
-9.27,-8.76,-16.39,-13.56,15.97,-47.95,26.92,65.44,94.04,16.41,-7.78,-8.94,0.11,0
-9.51,-6.51,-14.35,-12.39,25.29,-10.03,21.04,63.84,65.76,31.21,-5.87,-5.88,0.19,0
-5.34,-5.32,-19.34,-17.83,28.69,-10.21,5.45,23.99,90.26,17.2,-8.11,-7.71,0.04,0
-6.77,-7.84,-17.55,-10.92,45.32,-37.23,0.22,33.64,87.04,31.77,-8.67,-8.53,0.0,0
-5.58,-7.83,-19.87,-13.73,36.84,-43.59,43.6,93.67,51.84,31.8,-7.11,-7.02,0.11,0
-9.77,-5.49,-10.16,-17.43,24.3,-35.17,36.39,15.22,55.65,40.24,-9.0,-8.64,0.09,0
-5.4,-8.35,-17.63,-17.7,44.12,-35.47,40.36,16.29,82.39,38.78,-9.36,-9.58,0.2,0
-8.04,-8.48,-13.32,-17.37,28.09,-39.4,15.26,14.6,66.15,38.77,-7.63,-5.23,0.09,0
-7.64,-5.97,-12.34,-12.84,26.33,-8.76,2.35,79.97,73.03,1.34,-9.39,-7.66,0.18,0
-8.95,-8.1,-16.1,-13.8,39.93,-18.44,31.07,49.12,57.19,7.21,-6.51,-5.71,0.18,0
-9.64,-9.96,-16.73,-16.41,45.9,-49.89,39.85,8.91,58.54,28.61,-8.9,-8.93,0.17,0
-8.52,-9.71,-13.32,-10.22,12.02,-11.4,43.62,23.42,74.16,14.47,-5.15,-9.89,0.18,0
-9.96,-8.1,-18.5,-16.63,21.74,-42.52,8.93,18.82,51.26,4.27,-5.77,-9.08,0.02,0
-9.57,-7.19,-12.05,-15.0,9.51,-32.29,1.81,66.25,56.02,4.25,-8.27,-8.17,0.17,0
-8.7,-9.44,-19.3,-14.45,16.29,-23.53,31.43,28.44,84.18,9.52,-8.42,-9.29,0.09,0
-5.62,-5.08,-17.55,-12.21,5.65,-8.19,40.82,43.63,57.2,7.16,-7.66,-7.71,0.13,0
-8.4,-9.76,-10.88,-19.59,38.58,-18.96,15.17,96.22,79.35,2.04,-6.58,-7.42,0.03,0
-6.62,-8.23,-17.14,-14.91,19.92,-6.86,8.21,75.0,92.28,46.95,-5.62,-6.89,0.14,0
-8.26,-6.54,-18.27,-14.33,36.81,-4.29,6.78,4.54,51.06,32.98,-9.07,-7.56,0.05,0
-8.48,-6.66,-11.33,-15.13,24.26,-46.64,26.22,30.65,52.27,5.95,-9.46,-7.64,0.04,0
-8.23,-9.34,-11.79,-16.53,20.24,-13.99,30.6,82.96,83.6,13.38,-7.63,-6.33,0.07,0
-5.53,-7.32,-18.17,-10.49,4.57,-40.56,8.29,78.74,96.51,26.89,-7.99,-5.44,0.02,0
-5.02,-8.22,-12.62,-10.89,16.74,-44.57,19.07,69.48,80.46,16.76,-8.05,-6.4,0.08,0
-7.37,-6.67,-15.49,-16.86,3.75,-21.57,0.48,63.82,67.38,38.66,-9.17,-9.65,0.11,0
-7.11,-8.64,-17.9,-12.26,17.38,-7.87,47.23,0.14,59.57,3.17,-6.93,-5.23,0.15,0
-6.4,-8.02,-18.29,-15.71,32.5,-22.4,7.37,17.32,67.29,4.86,-8.91,-5.37,0.03,0
-6.18,-5.34,-15.43,-16.2,12.97,-39.84,12.73,66.52,89.91,48.29,-9.57,-6.3,0.16,0
-9.09,-8.35,-12.84,-10.85,35.94,-21.27,20.34,14.56,75.2,36.11,-9.35,-6.27,0.02,0
-7.83,-9.89,-16.33,-16.39,5.58,-12.26,32.15,19.12,97.09,38.29,-5.27,-5.25,0.1,0
-7.5,-9.97,-19.63,-12.83,32.35,-10.15,8.81,45.22,94.31,31.32,-9.75,-8.45,0.1,0
-8.51,-6.12,-13.81,-15.55,25.15,-30.66,7.09,42.23,89.1,23.45,-5.88,-7.45,0.13,0
-5.99,-5.0,-19.52,-10.68,33.39,-49.71,23.58,79.97,88.15,4.11,-6.71,-8.22,0.09,0
-9.07,-8.04,-16.62,-16.28,31.63,-24.38,38.68,23.7,57.84,3.59,-7.1,-9.92,0.14,0
-7.94,-6.04,-14.36,-10.76,9.63,-34.47,3.95,84.64,81.43,46.22,-7.22,-9.93,0.03,0
-6.13,-9.41,-15.14,-13.33,14.9,-16.37,43.68,36.09,70.82,18.21,-5.61,-8.3,0.17,0
-6.31,-6.72,-10.35,-11.15,42.15,-32.58,7.16,79.76,84.39,21.46,-8.62,-5.79,0.15,0
-9.02,-6.68,-10.13,-14.29,46.35,-7.08,45.01,97.39,79.82,46.34,-5.57,-6.18,0.05,0
-8.63,-7.79,-12.88,-10.12,30.5,-44.18,32.41,99.05,75.34,49.35,-7.99,-7.62,0.12,0
-4.19,-4.6,-6.52,-5.36,50.02,18.68,61.12,163.9,51.83,50.06,-1.58,-4.96,0.38,1
-2.21,-0.93,-6.57,-8.14,60.98,4.11,80.11,103.91,51.33,65.97,-1.63,-0.21,0.32,1
-3.29,-2.67,-5.48,-5.58,76.83,27.12,91.37,138.21,79.92,75.73,-0.87,-1.99,0.32,1
-4.71,-3.93,-5.02,-9.39,60.43,19.89,99.64,161.27,59.58,60.1,-1.09,-0.99,0.38,1
-2.12,-0.72,-6.23,-8.26,99.75,13.64,71.78,128.71,95.41,80.75,-2.0,-2.69,0.38,1
-4.98,-4.19,-7.84,-9.71,87.71,26.28,52.0,140.83,91.96,72.51,-4.08,-1.55,0.33,1
-0.2,-2.81,-6.74,-9.72,99.96,11.18,77.69,146.23,93.81,74.6,-2.8,-4.55,0.25,1
-2.52,-4.86,-8.5,-7.21,96.8,7.63,55.17,158.53,70.69,96.72,-0.42,-3.31,0.25,1
-2.19,-3.39,-7.84,-5.51,66.28,47.52,66.85,198.26,74.14,95.71,-3.49,-0.21,0.34,1
-4.33,-0.77,-8.18,-6.22,59.26,30.95,87.95,178.87,98.75,93.32,-3.8,-4.53,0.23,1
-4.75,-3.12,-8.62,-8.77,53.34,14.18,95.66,172.09,70.08,70.35,-2.48,-3.7,0.22,1
-2.54,-3.26,-5.68,-7.91,85.76,11.24,77.0,121.03,72.68,91.76,-2.96,-1.42,0.25,1
-1.24,-0.1,-9.51,-5.65,95.89,28.03,57.07,127.01,65.97,52.71,-4.53,-1.63,0.36,1
-2.74,-2.26,-7.79,-8.1,91.99,35.13,84.5,102.1,71.76,78.1,-1.0,-0.9,0.31,1
-3.35,-1.49,-5.02,-8.27,55.98,46.2,83.81,141.86,88.96,51.77,-0.46,-3.37,0.34,1
-2.42,-2.56,-5.05,-7.23,88.52,41.77,91.13,141.5,61.18,98.93,-4.29,-1.54,0.27,1
-1.09,-0.25,-6.84,-8.97,66.86,37.24,74.32,130.35,67.86,56.05,-2.94,-1.14,0.29,1
-4.42,-3.12,-6.13,-5.35,93.97,0.73,93.83,137.68,97.07,80.39,-0.55,-3.87,0.35,1
-4.74,-1.53,-9.93,-7.04,52.48,45.2,87.55,179.11,85.5,68.32,-4.28,-2.57,0.29,1
-3.31,-1.93,-9.2,-8.79,78.75,10.86,72.97,197.91,61.62,54.01,-3.53,-2.17,0.29,1
-4.13,-0.9,-5.54,-6.87,86.22,25.24,68.5,165.28,79.44,83.09,-0.46,-2.59,0.21,1
-3.25,-2.09,-9.62,-5.43,56.92,19.96,88.21,141.91,55.8,60.71,-4.02,-1.4,0.21,1
-0.86,-4.74,-9.31,-8.7,61.73,9.69,85.3,191.77,70.78,64.18,-4.85,-2.53,0.31,1
-4.91,-1.19,-5.53,-6.54,89.09,9.0,63.5,142.97,92.69,55.99,-0.22,-3.99,0.3,1
-2.29,-2.83,-8.76,-7.13,79.79,20.67,83.18,168.07,55.38,71.51,-2.56,-0.71,0.34,1
-1.08,-1.9,-8.92,-9.13,90.28,42.19,95.07,107.63,75.86,93.11,-0.63,-1.44,0.24,1
-4.72,-0.86,-9.17,-8.85,76.57,19.33,52.58,130.87,67.44,69.85,-0.83,-1.53,0.27,1
-1.19,-4.48,-9.14,-9.44,82.04,38.3,55.86,128.36,82.06,89.6,-4.15,-4.63,0.31,1
-3.19,-4.17,-5.38,-8.74,95.36,37.25,77.57,136.66,66.75,89.41,-3.17,-3.92,0.39,1
-4.25,-2.16,-5.32,-9.31,50.32,12.09,51.78,176.65,58.68,51.64,-3.03,-4.47,0.38,1
-3.45,-3.48,-9.49,-9.16,56.51,47.63,98.15,170.19,68.76,57.46,-2.22,-0.6,0.22,1
-1.29,-4.91,-7.27,-5.61,64.31,2.03,55.29,115.68,93.17,89.09,-4.84,-1.16,0.29,1
-4.82,-1.6,-9.85,-6.02,61.17,27.98,65.2,175.59,90.37,68.49,-1.06,-4.32,0.3,1
-3.39,-4.26,-8.58,-6.2,50.19,19.92,58.38,166.2,55.14,53.01,-0.75,-4.59,0.38,1
-2.3,-4.24,-6.23,-8.47,56.26,31.74,94.41,124.69,63.73,89.41,-0.0,-2.93,0.28,1
-0.86,-2.99,-5.86,-5.42,78.62,27.52,82.02,193.98,89.21,65.89,-3.72,-4.62,0.27,1
-2.95,-4.87,-5.27,-6.76,91.2,31.92,58.75,108.31,84.81,65.16,-4.91,-2.86,0.28,1
-3.99,-0.27,-6.92,-7.49,76.93,35.66,60.55,122.43,93.45,73.52,-2.33,-1.06,0.32,1
-3.18,-0.86,-7.25,-5.19,81.01,45.19,59.29,116.79,53.72,78.9,-4.99,-3.26,0.38,1
-4.9,-0.8,-6.81,-9.61,77.61,17.0,85.71,164.97,62.68,94.37,-1.47,-1.52,0.29,1
-3.67,-0.28,-6.23,-6.35,89.39,21.73,55.58,104.16,53.68,79.7,-3.64,-4.13,0.22,1
-0.15,-1.21,-9.18,-5.82,84.33,11.6,86.75,190.1,60.08,71.62,-1.47,-2.88,0.29,1
-4.83,-3.57,-5.87,-6.53,52.99,42.99,98.01,143.09,84.6,55.92,-1.5,-1.26,0.3,1
-0.56,-3.07,-6.97,-5.17,62.55,43.35,72.68,132.18,96.79,91.78,-2.12,-3.3,0.32,1
-4.72,-4.92,-6.17,-5.81,92.96,2.3,78.16,170.9,62.48,51.3,-1.78,-2.89,0.36,1
-1.94,-0.22,-9.7,-6.47,84.33,49.14,54.23,133.07,88.24,64.59,-1.85,-2.97,0.27,1
-1.05,-0.98,-7.41,-9.72,98.52,16.41,95.21,139.14,95.7,80.34,-1.43,-3.73,0.35,1
-3.71,-2.52,-7.38,-9.87,95.1,14.42,95.45,154.57,60.93,86.92,-4.23,-4.24,0.36,1
-0.18,-4.41,-5.42,-6.22,53.53,22.07,58.77,111.35,92.84,80.78,-0.75,-4.71,0.35,1
-1.55,-3.77,-6.6,-8.5,71.59,3.23,90.0,164.47,56.49,65.34,-1.43,-1.86,0.32,1
-2.26,-0.41,-7.94,-8.15,88.87,34.9,83.22,120.04,71.45,74.93,-3.71,-3.2,0.21,1
-1.82,-4.89,-5.39,-7.6,75.15,7.69,93.64,170.09,58.82,83.07,-0.03,-3.27,0.28,1
-4.79,-2.66,-6.83,-9.43,96.14,0.42,88.02,152.31,54.21,53.92,-3.54,-0.9,0.26,1
-0.31,-0.51,-7.46,-6.75,97.4,36.01,75.1,123.95,65.01,66.49,-0.96,-3.43,0.31,1
-0.42,-1.47,-8.3,-6.2,50.11,31.7,62.63,117.1,85.47,88.03,-4.44,-3.17,0.28,1
-1.36,-3.28,-5.25,-6.16,86.34,35.71,87.42,139.12,79.98,96.67,-0.84,-4.05,0.23,1
-0.62,-2.26,-9.34,-6.05,69.71,2.51,59.58,153.22,90.38,80.7,-3.21,-1.32,0.3,1
-0.77,-2.3,-8.67,-5.84,97.26,3.21,75.3,112.49,63.13,54.48,-4.6,-3.41,0.31,1
-2.18,-3.16,-6.62,-6.82,88.15,0.81,90.21,173.15,87.34,66.91,-3.19,-2.34,0.24,1
-0.16,-0.47,-5.73,-9.59,91.49,20.29,78.71,109.15,90.63,73.22,-2.98,-1.46,0.26,1
-3.37,-4.85,-9.95,-7.09,78.1,6.1,80.64,144.41,80.96,99.86,-2.99,-2.71,0.36,1
-1.68,-1.86,-9.16,-7.38,95.46,29.17,80.28,102.24,82.1,61.04,-1.06,-4.12,0.28,1
-0.31,-1.06,-8.79,-6.85,97.27,8.87,71.38,150.83,64.78,64.72,-1.83,-3.19,0.21,1
-1.41,-1.88,-7.76,-7.77,53.32,21.07,71.78,162.92,90.13,83.47,-4.84,-2.13,0.3,1
-2.18,-4.97,-5.66,-7.4,88.02,27.66,68.31,111.63,65.16,96.6,-2.8,-2.92,0.28,1
-0.21,-0.88,-9.02,-8.53,59.37,42.92,75.39,154.1,65.35,82.09,-1.34,-4.58,0.38,1
-4.82,-1.35,-8.33,-9.31,74.86,27.46,63.86,140.42,93.51,90.76,-3.48,-3.45,0.26,1
-4.62,-1.82,-7.08,-5.1,60.21,24.59,93.1,155.22,55.39,83.56,-1.38,-0.2,0.21,1
-1.81,-3.12,-6.76,-7.71,50.24,18.7,71.42,128.73,71.38,71.81,-3.82,-0.89,0.37,1
-2.54,-0.23,-9.54,-7.85,68.41,2.13,97.63,186.37,68.78,67.9,-0.56,-1.78,0.38,1
-2.66,-2.68,-9.71,-6.02,77.43,34.09,96.03,146.55,53.58,83.11,-4.09,-1.98,0.38,1
-3.52,-1.55,-9.17,-8.56,51.92,5.32,59.1,100.46,93.13,69.89,-0.31,-2.6,0.25,1
-1.42,-0.86,-6.91,-8.7,81.85,26.71,54.25,138.55,60.64,61.6,-2.37,-4.32,0.22,1
-3.36,-1.32,-7.91,-8.54,54.57,36.96,66.43,144.53,62.95,83.43,-1.11,-2.52,0.4,1
-2.12,-2.42,-5.7,-6.62,87.11,19.13,61.95,118.86,58.1,86.39,-2.49,-1.36,0.32,1
-0.13,-1.44,-5.05,-7.68,57.45,6.57,50.77,123.88,66.08,81.99,-4.45,-2.79,0.27,1
-2.81,-3.19,-7.27,-5.35,60.25,25.93,55.51,139.05,51.82,73.92,-3.35,-3.29,0.3,1
-1.28,-4.53,-7.4,-8.98,78.7,44.67,71.97,169.24,67.15,83.65,-4.73,-0.32,0.23,1
-0.23,-0.97,-6.9,-5.88,59.19,35.35,68.42,152.8,78.45,98.91,-4.58,-1.49,0.28,1
-1.5,-1.75,-8.65,-5.48,94.96,42.16,79.73,135.82,90.05,99.26,-4.8,-2.75,0.27,1
-4.63,-0.16,-8.73,-8.63,92.78,42.52,72.33,111.44,69.78,90.67,-1.41,-2.75,0.3,1
-1.41,-2.26,-5.06,-5.96,88.68,42.45,69.21,150.29,69.6,87.66,-2.82,-3.75,0.39,1
-2.33,-1.61,-6.62,-9.33,86.05,7.37,67.67,100.61,71.23,76.12,-1.35,-1.09,0.28,1
-0.41,-3.87,-6.63,-8.4,71.81,13.77,86.81,165.26,95.55,68.56,-2.97,-2.94,0.26,1
-1.89,-2.41,-6.09,-7.98,72.59,30.22,67.64,161.89,91.19,83.72,-3.49,-3.34,0.27,1
-1.86,-1.82,-6.63,-9.26,62.86,9.87,93.17,135.67,86.33,60.77,-4.12,-2.86,0.31,1
-2.65,-2.76,-7.72,-9.76,66.23,48.6,83.82,183.52,72.74,77.91,-1.07,-2.31,0.36,1
-0.69,-1.96,-7.71,-6.16,54.67,29.22,64.16,117.62,56.08,96.49,-0.03,-2.34,0.37,1
-2.74,-1.71,-7.5,-8.88,97.94,6.8,65.79,140.74,91.91,94.7,-1.21,-2.71,0.39,1
-0.52,-4.22,-6.15,-8.65,96.57,3.44,58.45,117.63,54.18,84.48,-2.58,-1.72,0.23,1
-2.7,-1.68,-8.97,-5.02,97.37,38.27,86.55,119.74,51.41,68.23,-2.83,-4.75,0.27,1
-0.87,-2.45,-7.81,-8.67,65.19,41.08,64.3,162.03,99.7,94.12,-1.54,-1.0,0.26,1
-4.51,-3.69,-8.77,-5.88,68.58,3.42,76.99,163.9,86.45,76.5,-2.78,-2.99,0.39,1
-0.78,-1.68,-6.66,-9.02,96.17,10.69,87.3,186.86,80.21,78.85,-1.6,-2.14,0.33,1
-0.1,-2.39,-7.37,-8.16,61.09,0.9,89.39,171.55,60.11,83.85,-4.55,-0.31,0.27,1
-4.05,-2.93,-7.32,-6.1,97.06,12.71,93.3,151.91,71.66,80.92,-3.66,-0.25,0.39,1
-4.0,-3.72,-8.08,-7.13,83.81,12.28,74.52,112.54,66.53,74.36,-2.1,-0.24,0.27,1
-3.81,-0.38,-6.11,-8.49,87.63,44.64,80.48,188.4,97.2,95.78,-3.5,-3.72,0.24,1
-3.67,-4.49,-9.73,-9.27,93.42,2.26,95.68,118.98,83.35,62.06,-0.96,-0.39,0.31,1
-0.65,-3.71,-6.33,-8.99,67.29,39.96,50.5,198.51,65.36,50.86,-4.78,-0.42,0.23,1
0.12,4.49,-3.16,-3.24,184.78,71.69,125.31,259.35,126.55,119.86,1.95,0.24,0.45,2
1.05,4.36,-1.77,-0.77,172.09,78.03,101.16,202.75,198.37,145.41,3.36,1.86,0.48,2
1.27,4.26,-4.82,-2.91,119.46,94.08,122.42,208.19,132.0,128.03,3.87,3.34,0.47,2
4.17,4.48,-3.76,-1.77,159.13,52.33,103.79,298.71,107.08,133.35,3.39,2.91,0.48,2
1.96,0.24,-4.58,-4.55,127.71,58.22,125.0,241.16,140.87,131.41,2.47,4.09,0.44,2
4.81,4.5,-4.14,-1.92,188.49,64.2,126.06,251.36,134.75,118.79,1.68,3.16,0.43,2
0.21,2.29,-0.2,-1.96,184.05,86.99,102.89,228.35,133.35,141.73,0.98,0.2,0.55,2
1.22,2.4,-2.44,-2.64,102.76,87.39,112.45,234.96,127.57,123.34,3.86,3.74,0.58,2
1.57,1.0,-3.94,-1.75,173.34,86.87,128.29,204.49,149.38,116.56,0.3,2.77,0.47,2
1.55,0.14,-1.5,-2.63,152.12,75.65,149.02,291.7,146.32,114.52,1.52,4.0,0.52,2
2.24,3.26,-0.15,-4.72,115.46,75.65,148.44,209.49,108.43,133.33,2.33,4.81,0.59,2
2.38,1.78,-2.35,-4.08,192.63,54.68,119.1,288.57,126.65,129.64,4.92,3.3,0.46,2
2.57,4.34,-0.57,-3.08,137.84,69.94,103.07,209.04,150.6,110.89,4.86,4.31,0.54,2
4.73,1.63,-1.02,-2.67,197.24,79.67,113.92,280.83,107.09,141.94,3.57,1.73,0.51,2
2.21,1.93,-3.19,-3.57,170.26,70.92,112.8,279.56,143.45,136.58,4.33,1.82,0.54,2
3.35,1.7,-1.88,-0.74,120.2,81.54,141.46,211.99,152.69,136.96,4.41,0.14,0.6,2
2.5,0.45,-0.32,-2.41,164.95,98.56,149.17,253.15,167.83,147.19,3.77,1.87,0.42,2
2.33,4.36,-0.65,-1.34,170.29,90.79,144.71,255.02,138.09,107.54,4.71,0.47,0.56,2
1.18,1.85,-1.65,-4.02,175.29,99.66,110.8,258.94,118.33,149.03,0.98,1.55,0.54,2
3.55,2.66,-3.42,-2.3,100.9,81.67,118.97,247.99,177.16,141.44,2.96,4.93,0.41,2
3.07,0.88,-0.54,-4.01,199.39,74.84,104.03,290.18,133.83,124.38,3.66,0.26,0.45,2
1.81,4.14,-4.51,-4.28,126.14,83.0,128.52,207.45,140.15,143.3,3.54,1.41,0.57,2
0.09,0.26,-4.17,-1.59,190.5,99.75,132.97,272.43,124.6,109.84,2.06,4.08,0.59,2
4.97,3.44,-1.76,-0.34,162.67,76.48,147.32,217.46,191.99,144.67,2.69,3.79,0.59,2
3.73,2.48,-0.09,-4.03,107.52,52.59,143.64,236.13,120.95,126.06,4.6,4.55,0.44,2
4.93,3.99,-1.88,-3.95,100.41,56.05,133.2,262.07,193.22,113.18,4.11,4.47,0.56,2
3.38,2.49,-3.15,-2.07,200.0,92.41,144.88,247.78,131.6,115.38,1.69,1.83,0.43,2
2.61,0.87,-0.05,-4.19,114.35,65.38,136.36,214.11,129.69,143.28,1.76,1.13,0.45,2
0.25,1.24,-0.08,-0.83,192.68,89.37,129.28,293.03,156.71,124.27,0.61,4.02,0.53,2
3.52,3.83,-3.86,-3.17,171.85,88.38,122.17,251.1,143.44,144.11,4.31,2.0,0.44,2
3.07,0.96,-2.04,-3.7,131.49,70.21,107.98,292.8,173.81,149.36,2.21,4.53,0.45,2
1.78,3.59,-1.34,-2.26,190.96,92.5,127.4,269.76,138.42,133.63,2.57,1.98,0.58,2
2.15,4.62,-4.05,-1.33,146.05,64.24,146.71,251.77,100.92,120.12,0.61,0.01,0.43,2
2.9,0.87,-3.52,-3.74,196.73,83.42,134.43,263.46,114.52,111.97,2.34,1.79,0.43,2
1.53,2.99,-1.29,-3.58,176.5,75.84,105.29,285.33,175.58,111.28,4.25,4.35,0.55,2
3.45,4.3,-0.92,-1.02,150.31,76.25,103.91,249.48,154.45,110.83,2.83,1.69,0.57,2
3.94,1.3,-1.84,-0.58,179.38,89.14,149.26,245.5,120.45,117.05,0.63,0.33,0.57,2
4.55,3.01,-0.75,-2.13,188.06,75.64,109.53,217.81,165.04,126.61,1.01,3.82,0.46,2
0.66,2.96,-3.45,-0.61,161.5,92.43,104.76,215.54,184.44,145.51,1.24,4.09,0.54,2
3.69,0.86,-2.25,-0.73,101.21,84.65,117.29,218.05,123.16,141.43,2.1,4.53,0.6,2
2.03,0.09,-0.26,-4.45,188.61,85.28,142.03,258.07,112.29,116.38,1.9,0.7,0.47,2
4.07,1.75,-1.13,-3.25,109.42,61.12,124.04,285.08,112.99,137.17,0.09,3.34,0.45,2
4.63,2.82,-4.74,-2.59,145.15,85.97,101.84,269.79,158.97,149.03,3.36,3.71,0.45,2
2.52,0.9,-0.33,-3.12,112.96,52.63,119.98,247.49,108.33,117.68,2.0,0.56,0.52,2
2.48,3.81,-1.16,-4.15,162.69,66.46,132.14,233.83,141.69,127.04,2.12,2.51,0.45,2
1.97,3.56,-4.8,-2.1,182.03,53.24,126.31,272.5,137.44,131.96,4.74,3.19,0.5,2
2.57,1.73,-3.05,-1.55,184.03,83.46,145.01,207.75,140.93,140.14,3.43,2.22,0.55,2
1.14,3.05,-0.03,-1.64,188.1,94.49,102.46,283.77,134.79,104.74,0.03,0.98,0.5,2
3.94,4.47,-2.99,-4.36,198.43,61.35,104.9,218.02,100.06,119.71,2.75,2.53,0.49,2
4.59,0.51,-0.51,-4.84,193.93,50.77,149.54,221.18,189.89,130.63,4.04,4.57,0.59,2
2.27,0.53,-0.91,-1.35,171.73,78.09,136.9,241.81,127.33,105.67,3.72,1.65,0.4,2
4.18,1.91,-3.15,-1.89,148.98,89.55,146.54,250.06,117.13,121.98,0.82,3.81,0.41,2
2.7,0.98,-3.31,-1.12,181.76,52.53,137.64,289.61,116.55,111.41,4.8,1.11,0.41,2
3.28,1.92,-3.93,-2.46,189.45,80.03,131.76,214.18,188.56,116.14,4.46,2.02,0.42,2
2.74,2.36,-2.07,-1.95,169.44,99.22,143.96,296.65,181.05,104.08,1.82,2.55,0.56,2
4.86,3.91,-3.16,-2.08,176.19,85.54,123.89,257.24,197.4,128.94,2.47,1.26,0.4,2
0.59,4.61,-3.17,-1.27,171.82,70.4,140.82,208.32,162.31,129.05,2.04,1.56,0.46,2
3.51,4.42,-1.17,-0.3,112.4,68.95,138.02,233.86,115.63,146.69,2.08,0.29,0.45,2
4.37,3.11,-3.85,-3.64,184.84,76.02,146.71,221.2,192.39,130.8,4.02,3.31,0.41,2
1.56,3.86,-4.77,-3.08,152.03,94.12,144.31,206.72,164.45,118.5,3.38,0.62,0.41,2
3.54,0.95,-1.86,-2.42,164.21,84.8,139.59,284.27,112.7,146.48,3.61,0.88,0.49,2
0.74,2.73,-4.48,-3.39,110.97,96.86,122.99,295.49,145.49,142.44,0.73,1.91,0.59,2
2.89,0.96,-4.68,-0.56,138.8,82.45,127.98,245.5,184.87,143.45,0.43,2.83,0.58,2
3.62,4.44,-1.11,-3.6,108.8,87.32,110.32,275.71,167.85,114.12,3.93,4.2,0.45,2
2.88,4.94,-2.73,-2.15,177.81,84.33,138.18,299.74,194.18,145.54,4.28,2.64,0.51,2
0.99,2.2,-4.32,-2.79,126.97,66.52,138.38,221.14,177.67,136.32,3.18,4.9,0.55,2
3.75,0.64,-0.14,-2.53,118.03,71.18,107.46,252.37,123.51,147.55,4.28,4.97,0.43,2
2.2,0.2,-3.94,-2.3,140.97,57.07,105.42,290.13,173.14,142.82,0.93,1.31,0.45,2
3.11,1.13,-0.18,-0.3,103.76,93.08,106.95,209.26,188.66,103.64,2.42,4.27,0.41,2
3.76,1.77,-1.16,-1.89,166.72,99.86,101.65,232.09,170.81,118.71,0.97,1.48,0.47,2
1.14,4.22,-3.26,-1.85,101.43,65.66,141.14,282.65,190.03,103.53,0.62,3.0,0.51,2
3.38,1.62,-0.87,-0.07,157.65,94.33,103.61,206.38,118.07,102.82,1.97,0.22,0.52,2
2.66,0.65,-3.82,-0.2,137.98,73.19,101.46,270.31,139.8,106.23,0.49,2.96,0.53,2
0.35,4.5,-2.29,-1.71,113.43,91.06,101.0,297.07,132.37,128.49,3.27,4.36,0.46,2
1.98,1.3,-3.12,-0.03,119.88,85.08,129.91,287.1,126.18,109.5,2.74,0.04,0.43,2
3.85,4.03,-4.84,-4.02,181.75,80.55,135.33,217.19,100.29,120.2,2.2,4.35,0.5,2
4.98,1.32,-3.84,-2.4,104.38,71.54,141.78,231.22,166.84,120.16,2.43,4.99,0.54,2
0.45,2.96,-1.54,-1.88,138.47,88.65,110.61,239.45,178.01,114.13,2.64,3.47,0.47,2
4.55,4.41,-3.41,-4.01,191.06,97.42,118.19,224.86,168.12,108.25,4.91,3.06,0.5,2
2.83,2.66,-1.27,-1.15,135.43,56.1,146.52,281.42,191.79,104.33,2.78,4.22,0.5,2
0.41,4.06,-3.91,-2.42,186.16,75.9,125.96,221.07,117.65,110.02,4.57,3.26,0.41,2
4.96,2.82,-3.33,-0.66,188.93,78.08,138.53,219.77,172.19,146.46,3.51,3.7,0.46,2
0.06,3.39,-2.07,-1.53,148.13,75.02,142.7,225.07,180.04,114.33,4.63,2.56,0.58,2
3.45,1.41,-0.95,-4.63,182.8,59.95,110.87,246.93,115.14,123.48,0.83,2.77,0.46,2
1.21,3.0,-3.2,-4.41,132.31,63.52,101.26,219.78,148.12,103.93,3.76,2.92,0.41,2
3.83,0.98,-3.94,-0.93,106.76,72.3,143.7,285.91,119.64,140.07,0.59,3.96,0.47,2
0.89,2.51,-2.28,-4.76,142.08,56.86,148.45,299.07,196.56,102.27,1.1,1.34,0.42,2
1.88,3.63,-2.77,-4.2,181.98,86.56,100.85,299.98,194.4,148.45,3.48,4.38,0.46,2
4.61,0.22,-3.05,-2.57,174.58,88.73,100.75,296.69,188.62,107.82,4.28,0.87,0.49,2
1.14,4.46,-3.53,-1.72,102.82,65.71,136.36,237.91,182.04,134.26,4.66,1.13,0.55,2
0.94,2.23,-3.07,-0.83,177.71,73.57,139.49,233.06,132.63,106.54,0.19,3.95,0.46,2
0.21,0.62,-0.12,-3.55,187.11,76.64,108.85,225.03,111.97,108.87,3.78,2.42,0.52,2
1.54,1.94,-2.92,-1.78,117.06,57.2,144.38,260.21,171.7,100.58,2.21,3.05,0.5,2
2.4,0.72,-3.43,-2.03,116.64,94.06,143.62,221.19,150.56,132.32,2.85,0.98,0.47,2
4.79,4.1,-0.37,-0.98,181.7,69.16,149.72,248.93,138.25,147.35,2.76,4.14,0.45,2
3.09,0.72,-2.44,-0.31,178.71,92.5,129.42,296.49,128.75,138.43,2.29,0.67,0.52,2
1.26,2.55,-3.76,-0.11,183.34,71.25,124.47,229.83,140.71,105.56,1.0,3.87,0.43,2
3.01,4.99,-1.92,-3.83,173.11,76.89,111.28,243.27,182.31,107.12,4.62,0.02,0.41,2
1.91,0.12,-4.18,-4.15,120.59,67.86,131.42,201.4,145.88,127.8,3.57,4.91,0.59,2
3.99,4.47,-3.99,-2.25,140.54,80.9,126.37,274.58,196.84,146.83,3.84,4.35,0.52,2
8.67,7.86,2.32,1.85,269.44,132.66,165.31,361.37,185.83,168.53,6.89,8.28,0.78,3
9.47,8.66,3.94,1.54,297.77,149.48,165.49,388.24,192.95,184.7,6.68,6.69,0.72,3
8.81,5.77,3.22,2.44,289.5,111.89,182.48,341.39,165.55,187.12,6.4,9.32,0.8,3
5.49,8.65,0.87,0.75,281.73,147.36,198.38,340.29,199.79,168.95,8.31,8.57,0.66,3
9.65,7.06,3.22,0.18,292.14,117.6,168.1,397.1,152.5,178.53,7.34,5.46,0.64,3
8.04,8.85,3.21,4.58,297.35,127.21,173.64,319.27,155.31,191.07,5.97,6.52,0.62,3
5.12,6.7,3.96,2.47,291.32,106.67,165.06,347.88,178.73,181.5,5.1,6.64,0.73,3
8.22,8.44,1.37,0.18,292.09,139.39,167.47,363.56,197.64,152.94,5.43,6.56,0.76,3
6.2,6.28,4.32,0.39,260.08,103.14,199.34,315.19,164.39,150.12,7.14,9.19,0.72,3
5.68,9.17,2.16,4.63,271.86,100.65,164.65,391.91,168.79,157.72,6.85,8.95,0.75,3
8.53,7.83,4.39,2.1,258.03,113.29,192.94,349.28,188.61,185.08,6.13,9.57,0.67,3
5.45,6.24,4.94,1.47,279.45,113.79,188.69,391.2,176.58,176.12,6.32,9.16,0.79,3
5.04,5.79,0.81,3.05,231.99,126.65,182.43,375.73,155.1,172.31,6.0,5.04,0.72,3
8.22,8.08,0.59,1.4,292.92,145.28,180.92,316.38,171.23,154.66,9.1,7.51,0.67,3
6.38,5.18,4.43,4.71,243.01,122.55,188.54,384.11,165.47,170.59,8.76,7.97,0.62,3
9.93,9.63,2.34,0.54,244.18,137.62,178.81,352.1,182.09,151.22,8.73,6.13,0.73,3
9.93,5.71,1.55,4.05,272.83,103.43,161.43,348.94,191.01,194.9,6.69,7.16,0.7,3
8.89,6.26,2.81,1.16,288.16,109.44,173.32,381.27,197.55,154.68,8.4,9.97,0.66,3
9.87,8.07,3.02,1.1,280.09,123.31,167.12,347.84,178.87,154.73,7.89,8.24,0.6,3
9.17,6.29,2.83,4.61,286.61,102.58,178.87,326.2,164.1,183.29,7.01,6.51,0.66,3
8.49,8.59,3.02,0.31,258.8,144.7,175.71,347.22,159.84,194.38,6.45,6.21,0.76,3
5.03,6.98,0.13,1.42,288.02,146.15,171.02,317.61,164.19,178.61,9.37,9.0,0.72,3
9.36,5.76,0.62,4.57,200.93,132.88,194.38,344.34,171.7,185.34,9.46,8.56,0.73,3
9.3,6.38,3.26,0.18,289.35,106.84,199.54,336.06,194.35,190.51,7.41,5.35,0.67,3
8.65,8.75,0.88,3.12,213.99,104.91,153.02,304.57,199.05,198.24,6.48,9.24,0.64,3
8.71,5.84,3.46,0.72,278.68,110.0,150.18,301.35,196.64,199.0,7.72,7.75,0.62,3
6.64,6.45,0.49,1.84,214.2,141.13,192.42,387.1,196.48,184.96,8.03,8.32,0.64,3
9.21,7.8,4.89,0.84,206.15,109.17,159.45,363.12,150.45,191.37,6.04,5.76,0.7,3
6.82,8.33,2.27,3.94,269.4,105.6,189.62,389.2,168.43,183.78,8.45,6.46,0.8,3
9.36,8.24,2.4,3.7,218.28,125.38,178.29,395.18,165.37,155.77,5.61,9.89,0.78,3
8.95,8.14,3.6,2.2,254.82,109.62,166.5,344.27,192.61,161.06,6.75,7.86,0.68,3
5.9,9.5,2.7,3.31,291.76,138.09,180.41,355.75,163.09,194.59,9.03,6.25,0.75,3
9.36,9.55,2.3,4.91,217.37,111.64,167.17,329.5,193.9,161.03,6.74,5.04,0.76,3
6.52,5.37,4.39,0.73,231.54,102.07,158.37,369.73,159.37,174.31,5.2,7.06,0.78,3
8.0,6.93,1.05,0.97,228.24,142.95,157.79,370.15,186.48,191.99,6.66,5.78,0.68,3
5.37,9.8,0.2,1.02,219.54,113.34,193.96,357.83,172.5,170.93,8.33,5.38,0.6,3
5.67,9.73,2.66,3.8,231.7,100.7,152.28,342.99,162.28,175.51,7.96,9.41,0.68,3
6.22,7.54,1.43,1.31,232.22,112.88,174.82,335.89,181.05,165.95,6.62,7.29,0.6,3
8.13,9.49,2.07,0.49,273.94,121.27,186.53,364.25,173.97,181.37,9.22,7.1,0.72,3
5.15,9.02,4.91,0.32,272.24,133.55,196.14,304.69,163.91,156.82,5.54,7.53,0.71,3
9.56,9.87,4.81,1.77,283.55,106.6,159.31,373.44,197.09,160.85,8.94,6.24,0.65,3
5.57,7.28,2.18,3.48,229.04,121.76,159.06,387.99,156.34,190.57,5.54,9.89,0.75,3
7.61,7.71,4.91,0.98,292.3,117.46,191.37,336.65,171.33,184.43,8.02,5.25,0.67,3
6.06,9.56,4.85,4.65,208.88,137.38,177.34,353.03,182.03,157.07,6.62,6.2,0.78,3
6.65,8.19,0.49,1.42,239.51,141.38,169.35,303.96,185.33,175.93,7.72,5.9,0.72,3
9.39,9.51,3.59,0.18,207.26,123.67,157.55,309.17,152.71,154.53,8.24,8.43,0.71,3
6.69,7.13,3.61,3.23,228.96,136.78,180.56,313.36,182.87,180.39,9.0,8.09,0.63,3
7.82,6.8,4.99,1.59,225.27,137.92,178.77,332.12,161.77,169.35,9.24,6.51,0.78,3
7.53,5.15,0.86,3.68,206.52,128.74,181.32,336.12,151.69,159.95,8.79,8.98,0.68,3
9.34,9.66,0.94,2.52,222.64,145.8,152.82,331.89,185.09,162.97,6.04,9.68,0.77,3
7.68,9.81,0.15,1.82,280.94,144.49,165.46,394.63,156.14,154.56,6.89,5.63,0.7,3
8.72,6.45,4.2,0.52,216.38,106.33,177.38,346.5,168.83,176.01,6.33,8.03,0.75,3
8.63,8.41,3.66,2.0,277.33,114.78,195.22,325.7,185.04,191.94,6.56,6.52,0.73,3
8.05,5.98,0.53,0.66,275.23,120.94,173.81,343.19,176.51,175.38,9.02,7.35,0.63,3
8.73,5.74,3.81,0.21,246.05,102.73,163.25,393.38,177.81,198.76,5.54,8.59,0.6,3
6.91,8.67,3.99,0.53,289.98,136.93,198.33,364.68,196.17,189.61,6.32,5.01,0.63,3
7.92,6.32,4.13,2.55,238.41,132.76,187.49,376.33,164.53,185.9,5.22,6.16,0.67,3
8.75,8.34,1.1,4.6,214.42,111.21,191.43,329.63,150.46,160.93,6.92,8.63,0.71,3
7.59,9.0,0.82,3.13,211.39,137.1,192.6,375.89,153.48,191.5,7.24,5.25,0.65,3
5.05,7.31,3.03,4.23,265.27,136.5,176.52,347.85,194.21,174.45,6.14,9.49,0.69,3
8.59,5.98,0.66,1.65,275.72,102.52,190.03,334.63,177.75,188.3,5.94,5.7,0.72,3
9.93,9.07,2.26,1.02,205.22,113.05,150.85,348.43,169.49,161.44,6.13,8.13,0.71,3
9.5,9.61,2.65,0.7,284.35,123.34,193.28,369.85,197.41,163.02,7.1,8.32,0.79,3
7.36,7.42,3.93,0.57,289.3,124.93,166.05,374.54,181.59,160.07,8.61,5.03,0.63,3
7.76,6.78,1.86,4.33,253.8,127.85,191.6,390.31,177.17,186.05,7.8,7.26,0.76,3
9.24,8.23,1.32,0.24,230.1,116.48,156.65,305.93,163.06,176.89,6.41,7.93,0.67,3
7.86,9.42,1.28,3.91,287.61,148.12,163.9,338.63,171.09,185.42,9.85,7.33,0.63,3
8.87,5.97,4.53,1.1,290.05,118.88,157.65,387.85,156.17,180.45,8.28,8.05,0.71,3
8.2,7.41,4.38,2.59,298.51,149.32,150.39,347.54,171.48,198.45,6.04,6.03,0.61,3
9.94,8.05,3.83,2.95,243.69,132.06,151.57,324.02,167.32,159.73,8.76,7.79,0.72,3
8.23,7.98,2.51,0.82,277.57,121.55,171.62,369.82,192.61,183.12,7.5,8.5,0.75,3
8.7,6.92,4.0,4.89,210.33,131.69,157.59,318.84,192.85,194.2,9.47,8.54,0.67,3
6.98,9.73,3.49,1.06,250.36,100.56,169.0,336.53,163.42,153.12,6.16,9.66,0.8,3
9.23,8.95,3.43,4.59,226.91,149.14,170.71,315.47,177.39,167.19,5.7,5.54,0.74,3
6.56,5.27,0.28,3.51,258.15,143.66,154.21,349.24,178.07,197.99,7.67,8.71,0.78,3
8.1,8.68,2.76,4.95,261.62,134.49,150.67,315.66,156.64,181.3,6.21,9.66,0.62,3
9.11,9.33,2.73,0.94,203.66,110.68,191.83,362.29,152.08,167.99,7.13,8.78,0.74,3
9.74,6.95,0.32,2.45,259.18,111.78,189.89,376.26,169.05,186.41,5.96,9.45,0.78,3
8.62,5.4,2.01,2.95,246.1,105.58,152.92,398.8,158.53,190.33,9.4,6.98,0.7,3
8.75,9.58,1.07,2.55,205.45,147.82,199.98,333.63,186.75,164.43,8.81,7.86,0.79,3
9.92,7.33,0.61,4.47,241.42,100.73,167.93,354.05,196.13,153.29,7.55,8.09,0.75,3
7.72,7.22,3.8,3.19,253.56,102.65,191.43,360.94,173.76,156.83,6.04,6.1,0.8,3
6.63,6.15,3.61,2.86,282.7,117.89,183.7,320.96,173.9,174.04,7.77,7.24,0.67,3
8.49,5.73,4.38,4.67,258.2,118.86,173.41,319.6,164.88,184.24,9.01,8.82,0.71,3
5.84,8.49,3.42,0.56,231.9,144.7,163.37,361.44,150.95,177.53,5.44,5.93,0.64,3
9.66,6.9,2.89,3.36,228.76,118.63,170.69,340.12,162.24,169.99,6.86,6.36,0.79,3
9.22,7.64,2.88,2.5,246.14,105.65,156.21,391.82,172.07,189.73,8.73,6.63,0.75,3
8.65,7.98,1.96,2.89,264.41,113.62,180.2,329.47,184.98,178.28,5.58,9.7,0.62,3
6.76,9.03,3.14,1.95,261.91,110.82,177.27,327.48,196.6,178.39,8.55,7.87,0.62,3
9.46,5.17,0.97,2.9,250.48,106.13,165.43,323.83,186.22,199.55,9.25,5.41,0.79,3
9.66,9.02,2.31,4.91,251.82,141.36,165.35,361.38,193.53,182.99,6.5,7.43,0.77,3
5.98,5.57,2.2,4.07,215.72,142.76,188.43,317.91,177.05,194.58,8.3,8.11,0.7,3
5.63,5.49,2.72,1.75,208.71,147.89,194.14,327.14,168.72,153.87,9.83,9.08,0.67,3
8.48,6.64,2.78,1.24,265.09,131.49,183.21,386.1,197.36,172.84,8.65,6.12,0.74,3
9.88,7.19,2.58,4.65,286.25,118.02,170.45,354.65,193.56,191.97,8.52,6.17,0.69,3
7.32,9.92,1.96,1.3,294.24,105.22,197.96,316.45,162.78,185.64,6.68,6.7,0.8,3
8.97,7.11,2.09,1.76,217.05,138.28,164.09,358.9,197.46,183.7,5.41,6.33,0.76,3
8.37,7.56,0.16,2.67,227.6,114.16,193.91,323.44,175.36,172.8,8.49,6.38,0.65,3
9.56,8.0,3.08,4.13,244.01,135.23,172.97,322.61,160.91,172.14,5.15,9.97,0.62,3
9.16,5.63,3.39,3.58,252.93,138.85,175.74,301.42,185.76,179.08,8.5,5.85,0.78,3
13.16,13.5,5.61,8.19,415.26,172.24,268.81,482.51,292.86,239.97,11.23,10.47,0.85,4
14.98,13.69,8.88,8.07,387.38,199.39,200.65,408.89,269.72,295.93,12.35,13.65,0.94,4
10.94,14.57,8.4,6.28,305.17,151.81,269.09,493.14,290.2,299.45,14.54,12.89,0.93,4
13.37,13.24,6.36,5.16,384.98,150.24,288.5,427.64,234.19,297.61,11.87,10.72,0.82,4
14.77,14.95,8.24,6.73,421.22,183.59,238.16,439.2,262.3,200.31,13.65,10.37,0.88,4
13.27,10.39,5.78,6.23,492.47,169.73,294.26,457.78,276.27,214.74,10.19,14.89,0.91,4
11.14,14.57,8.49,6.96,372.62,168.98,201.05,453.41,273.52,296.13,11.65,10.76,0.82,4
11.25,14.01,7.22,7.58,406.53,188.98,253.9,496.03,228.04,226.02,12.83,10.48,0.98,4
14.84,13.04,5.91,6.98,451.59,168.98,278.64,415.6,252.51,251.47,12.39,10.2,1.0,4
11.73,10.06,7.82,9.1,411.21,175.72,282.17,405.58,258.1,269.37,12.64,13.2,0.94,4
12.79,13.43,9.46,9.88,453.14,199.74,265.71,435.99,228.35,296.83,10.31,12.69,0.98,4
13.0,14.95,6.88,8.97,358.25,170.29,210.47,430.04,208.41,234.46,10.16,12.59,0.95,4
10.22,10.57,9.47,5.32,329.77,183.59,283.52,434.16,277.55,298.22,12.61,13.08,0.96,4
11.01,12.33,7.9,8.63,459.93,150.72,298.4,469.71,271.36,252.89,14.99,10.65,0.87,4
11.14,11.49,6.51,5.17,381.68,180.28,268.47,488.57,210.4,283.95,10.29,14.24,0.97,4
13.55,14.66,7.97,5.95,495.99,157.59,251.32,475.64,213.5,246.69,11.84,12.61,0.83,4
10.24,12.31,5.04,6.44,369.88,198.77,279.21,461.75,220.43,260.07,12.33,13.58,0.88,4
10.58,11.33,9.75,6.12,476.85,189.58,270.27,402.39,294.14,220.93,10.72,11.03,0.85,4
13.83,10.88,5.19,6.52,311.31,184.88,229.09,447.43,236.92,254.17,11.05,12.29,0.91,4
10.2,10.49,9.33,6.82,374.33,163.91,231.69,442.93,221.81,243.22,14.02,11.26,0.99,4
12.75,11.36,5.75,6.68,449.25,150.65,269.99,490.31,260.91,237.78,11.9,12.62,0.89,4
10.09,12.93,6.84,7.67,349.75,167.86,251.81,495.68,208.19,266.8,14.49,14.5,0.95,4
11.93,11.95,8.07,5.23,487.58,176.39,200.16,467.19,236.66,272.15,13.54,14.01,0.85,4
11.64,11.42,6.18,7.66,443.25,162.88,213.14,440.91,221.98,274.54,14.93,14.78,0.87,4
14.98,13.39,8.1,5.65,345.4,173.43,211.02,423.07,241.53,254.35,14.48,13.74,0.82,4
11.23,10.88,7.61,7.99,317.48,161.82,249.45,459.58,216.4,261.77,11.51,14.57,0.88,4
11.59,13.55,5.04,9.48,423.27,160.4,240.31,481.87,212.31,203.67,10.5,13.56,0.8,4
11.49,10.68,9.3,9.52,364.69,150.98,201.81,424.63,262.04,292.54,11.7,12.11,0.88,4
11.83,12.51,8.29,6.59,416.72,196.9,241.65,446.1,205.73,219.96,12.35,10.66,0.93,4
13.7,12.23,5.39,5.24,457.84,161.81,295.54,485.25,277.54,294.82,12.48,10.71,0.96,4
14.47,11.6,7.13,5.43,424.89,173.73,267.8,451.09,282.93,268.55,13.08,10.83,0.94,4
13.77,14.63,9.78,9.21,459.08,197.03,255.26,465.68,291.89,285.91,11.58,12.81,0.89,4
14.73,13.83,7.74,7.71,314.69,151.42,226.33,467.22,271.49,242.35,10.07,10.92,0.95,4
11.13,11.68,8.87,5.89,410.58,166.87,277.22,473.25,229.72,202.12,14.75,12.36,0.87,4
10.37,10.93,9.47,9.92,394.1,158.84,214.49,495.17,212.09,269.37,11.12,11.72,0.9,4
14.33,11.6,7.16,9.29,349.89,152.47,210.18,405.49,234.1,222.7,13.98,10.17,0.81,4
10.46,14.26,7.06,7.73,442.22,154.27,203.77,406.14,298.0,265.91,12.98,10.02,0.9,4
13.83,11.56,6.3,7.74,372.69,186.64,238.35,472.24,239.8,204.65,12.89,10.24,0.97,4
14.82,11.98,5.05,6.94,385.73,199.17,262.35,411.21,231.8,222.47,14.87,10.74,0.87,4
10.31,14.41,5.27,7.35,485.85,151.4,254.48,495.08,213.88,201.53,14.51,10.85,0.81,4
11.42,11.89,6.79,6.66,432.87,150.07,234.59,489.98,289.91,251.17,12.68,11.0,0.99,4
10.32,11.41,6.4,8.4,383.91,195.37,219.53,468.23,234.26,202.66,11.0,14.72,0.93,4
12.69,10.21,6.35,9.93,468.03,155.14,277.64,437.25,238.49,255.51,12.5,11.55,0.97,4
10.65,12.87,5.04,5.46,393.51,179.33,264.16,429.99,216.26,224.49,11.28,13.3,0.89,4
13.6,14.98,9.68,8.82,449.15,161.75,210.0,464.59,258.85,255.35,12.04,14.73,0.99,4
14.94,14.82,5.93,8.59,302.57,162.37,235.76,459.9,287.13,271.23,10.94,14.24,0.94,4
12.2,13.36,8.67,7.08,311.62,168.84,245.6,440.62,230.49,275.38,12.24,14.4,0.91,4
13.71,14.27,8.0,6.54,347.01,165.23,229.83,405.65,295.46,222.45,13.2,12.88,0.98,4
14.11,11.83,5.53,7.63,417.2,181.14,222.89,430.31,213.38,275.11,11.32,13.26,0.93,4
12.83,13.69,5.94,8.26,402.0,196.16,266.14,472.02,209.54,292.8,14.77,10.69,0.87,4
14.36,13.89,8.35,8.2,387.39,163.61,287.05,489.13,243.0,278.64,13.11,14.93,0.94,4
13.27,11.37,5.54,9.8,315.01,160.68,213.72,499.94,207.23,236.65,12.68,12.09,0.93,4
10.73,12.89,6.65,7.71,455.73,159.2,216.99,469.06,226.12,268.3,13.52,11.29,0.91,4
14.54,12.89,5.03,9.47,499.2,183.65,260.51,479.52,264.88,288.23,12.53,12.54,0.9,4
14.47,14.93,9.53,9.42,403.44,160.89,228.28,401.44,235.1,275.59,10.83,12.39,0.85,4
14.56,11.45,9.1,8.3,425.81,189.61,286.35,448.63,270.04,215.0,14.39,10.49,0.82,4
14.61,12.21,5.87,8.1,498.53,195.57,281.41,450.7,235.55,295.31,11.77,11.88,0.9,4
14.68,14.01,5.14,5.49,362.7,185.73,293.96,413.53,243.22,232.0,10.76,10.43,0.88,4
14.74,13.23,7.29,8.59,409.89,194.88,205.32,419.37,292.85,232.25,11.71,11.82,0.91,4
14.26,11.39,6.4,9.01,427.14,194.55,290.14,453.6,243.9,289.55,11.55,13.17,0.97,4
14.69,10.7,6.69,7.04,427.93,179.22,279.09,489.59,227.46,262.25,11.13,13.33,0.99,4
14.47,14.05,9.17,6.22,339.98,191.92,211.5,459.27,208.87,265.69,14.83,13.8,0.92,4
14.14,14.77,7.41,5.78,439.1,175.79,252.79,401.44,248.65,226.19,10.71,11.69,0.81,4
11.13,13.83,7.43,9.77,431.26,167.61,249.01,458.65,297.46,284.54,13.03,13.08,0.96,4
11.1,11.05,8.35,6.74,471.43,168.87,251.25,485.72,231.05,202.91,11.15,13.29,0.98,4
13.25,12.01,7.26,6.6,422.72,173.03,267.7,416.13,291.34,207.33,14.87,14.62,0.83,4
14.48,11.33,8.68,6.82,439.6,167.05,240.36,440.59,237.46,210.65,13.45,13.61,0.91,4
12.33,14.79,5.51,9.87,369.71,191.08,269.54,494.16,221.41,268.78,13.81,10.18,0.9,4
12.8,13.3,8.99,5.05,459.47,196.58,271.94,412.8,207.51,232.43,14.16,11.34,0.99,4
10.14,12.56,8.4,8.14,442.94,163.51,210.24,400.37,248.67,202.44,10.52,14.92,0.87,4
11.27,14.39,5.78,9.68,414.98,184.87,217.07,424.23,246.15,224.92,12.79,10.47,0.83,4
11.47,13.54,7.42,7.23,439.21,168.49,204.09,433.81,206.09,218.59,11.61,11.07,0.94,4
14.71,10.03,7.28,5.08,440.19,156.45,241.85,434.1,263.67,262.7,11.89,11.61,0.82,4
11.51,10.98,6.01,5.03,425.91,150.15,298.16,441.0,275.56,221.92,14.64,11.39,0.98,4
10.61,10.43,7.64,6.44,431.18,178.54,294.31,415.31,274.07,202.15,13.32,13.15,0.97,4
10.03,13.63,8.65,5.49,347.23,178.85,274.78,492.98,244.51,291.61,12.34,14.99,0.82,4
13.02,10.16,5.94,9.63,379.84,167.49,256.17,484.75,238.95,211.27,12.83,12.55,0.89,4
12.62,11.55,5.96,7.29,428.33,176.62,286.47,474.22,279.47,218.02,11.49,13.07,0.93,4
10.19,12.43,8.59,9.92,486.14,162.97,257.15,489.05,261.86,276.73,11.35,14.44,0.94,4
11.13,11.42,5.83,6.74,437.19,154.07,258.64,484.69,211.09,277.22,10.72,11.56,0.84,4
12.46,14.61,5.49,9.91,327.29,164.69,242.28,417.02,212.22,295.0,14.5,11.47,0.84,4
11.8,10.32,6.88,8.14,461.9,164.14,208.43,498.53,257.51,238.8,11.0,13.43,0.94,4
10.56,14.14,7.31,5.38,479.73,176.98,248.45,416.32,235.63,298.26,11.73,14.87,0.88,4
12.67,13.48,5.93,6.93,375.96,153.67,261.19,414.46,204.74,255.27,10.55,13.8,0.83,4
14.18,11.73,7.27,9.04,466.24,169.49,201.77,441.84,285.37,208.1,13.74,14.25,0.92,4
12.46,12.57,9.52,9.92,361.48,178.08,238.67,488.74,271.88,210.04,14.11,13.35,0.96,4
11.73,14.19,5.87,5.15,447.42,160.01,268.05,486.71,257.07,212.01,11.6,11.18,0.83,4
13.88,11.93,6.97,7.92,305.99,175.78,272.6,482.97,230.89,205.47,12.67,11.51,1.0,4
14.23,10.8,5.69,7.22,326.94,172.36,243.71,437.53,277.68,299.26,11.7,14.77,0.9,4
13.16,12.15,7.02,9.46,444.53,155.04,297.81,407.98,280.39,271.79,14.19,10.97,0.92,4
14.59,13.58,8.42,6.8,343.44,156.61,204.11,403.34,215.54,246.96,14.43,13.04,0.82,4
10.43,14.95,8.83,6.67,457.79,155.77,236.63,466.26,266.6,253.63,14.37,10.32,0.9,4
13.34,10.97,7.1,8.22,499.39,195.99,246.45,405.44,236.4,202.17,11.16,14.72,0.98,4
12.48,12.88,9.77,9.1,345.08,180.02,203.19,434.35,213.22,220.48,12.83,13.13,0.83,4
14.02,10.3,5.55,5.42,344.36,188.16,263.15,480.01,275.01,264.32,11.72,12.14,0.93,4
13.27,13.06,7.94,6.14,394.15,172.44,266.32,483.55,214.88,226.18,11.41,14.23,0.9,4
12.93,12.63,9.21,9.22,449.52,153.12,218.59,498.12,277.82,272.94,13.68,11.17,0.9,4
11.75,11.97,8.72,7.58,389.79,160.38,256.42,478.05,240.12,260.12,10.06,10.72,0.97,4
12.61,12.79,6.19,8.95,478.57,157.97,273.26,451.69,298.51,234.57,11.42,14.99,0.91,4
11.38,11.47,8.87,8.99,376.32,163.68,202.14,415.46,290.86,293.28,10.28,11.64,0.87,4
