Trade Date,Open (Rs.),High (Rs.),Low (Rs.),Close (Rs.),TradeVolume,ShareVolume,Turnover (Rs.)
7/5/24,37.7,37.7,37.3,37.5,145,361215,13533488.9
7/4/24,37.7,37.9,37,37.3,237,491292,18355019.9
7/3/24,38,38,37.4,37.4,144,135070,5085572.5
7/2/24,37.6,38,37.5,37.8,236,494095,18717018.9
7/1/24,37.7,37.7,37,37.4,160,120518,4489904.8
6/28/24,37.7,37.7,37.3,37.6,232,666882,25005898.9
6/27/24,38.9,38.9,37.3,37.7,779,2426602,91585976.4
6/26/24,36.2,36.2,35.7,35.8,78,139394,5014128.2
6/25/24,36.2,36.2,35.8,36.1,69,48327,1737070.3
6/24/24,36.7,36.7,36,36,98,292610,10633602.7
6/20/24,36.5,36.5,36.1,36.2,65,101262,3688199.4
6/19/24,36.9,36.9,35.9,36.5,67,107235,3904788.1
6/18/24,36.7,37,35.9,36.1,184,292109,10569312.8
6/14/24,36.9,36.9,36.5,36.8,116,147642,5418960.5
6/13/24,37.5,37.9,36.8,36.9,205,414606,15430570.8
6/12/24,36.5,37.5,36.4,37.4,434,1465573,54271415.3
6/11/24,36.5,37,36.1,36.5,799,2577910,94255607.4
6/11/24,36.5,37,36.1,36.5,799,2577910,94255607.4
6/10/24,35.8,36.5,35.8,35.9,75,94295,3385281.2
6/7/24,36.2,36.2,35.8,35.8,88,121610,4366995
6/6/24,36.2,36.2,35.7,35.8,113,147042,5286312.1
6/5/24,35.9,36.1,35.4,36,48,46152,1657182.5
6/4/24,35.9,36,35.4,35.8,75,143324,5149925.7
6/3/24,36.4,36.4,35.5,35.7,88,148067,5305830.4
5/31/24,36.9,36.9,35.6,36.1,323,483141,17569264.1
5/30/24,34.5,35,34.5,34.9,40,36878,1277548
5/29/24,35.7,35.7,34.6,34.8,34,23651,823306.1
5/28/24,35.1,35.5,35,35.3,49,51827,1827034.4
5/27/24,35.4,35.5,35,35.2,47,57518,2026800.5
5/22/24,35.1,35.9,35,35.6,55,46507,1649059
5/21/24,35.5,35.5,34.2,34.8,25,8571,296605.2
5/20/24,35.7,36.5,34.1,35.5,118,287052,9969764.1
5/17/24,34.5,35.4,34.5,35.2,80,75091,2633559.3
5/16/24,35.5,36,34.3,34.4,188,226780,7853564.1
5/15/24,36.4,36.5,35.3,35.5,117,214116,7700718.2
5/14/24,37.9,38,36.4,36.6,95,138702,5089833.5
5/13/24,37.5,38,37.3,37.4,232,519952,19632306.7
5/10/24,36.6,37.7,36.5,37.5,229,855089,31885664
5/9/24,36,36.6,35.5,36.3,123,609622,21923294.2
5/8/24,35.8,36.5,35.8,36,74,336854,12124855.6
5/7/24,36.4,36.4,35.5,35.5,62,214743,7706518.2
5/6/24,36,36.5,35.8,36,96,417677,15059703.1
5/3/24,34.1,36.4,34.1,36,193,699877,25007878.3
5/2/24,34.4,34.8,34,34.1,167,381591,13070556
4/30/24,34,34.5,33.6,34.1,102,209325,7089051.8
4/29/24,34,34.7,33.8,34,125,381965,13071997.6
4/26/24,34.5,34.5,33.9,34,99,112203,3839875.1
4/25/24,33.6,34.3,33,34,116,316657,10656467.6
4/24/24,34.1,34.5,33,33.6,146,239423,8158283.1
4/22/24,33.7,34.4,33.7,34.1,177,409439,13925452.9
4/19/24,32.6,34,31.1,33.3,397,1037967,33898494.6
4/18/24,34.5,34.6,32,32.8,638,1358218,45313492.8
4/17/24,34.2,36,34,34.9,216,570291,19962529.9
4/16/24,36.3,36.9,35.1,35.4,104,72225,2581675.6
4/15/24,36.9,37.5,36.2,36.3,101,140560,5136879.7
4/10/24,37.9,37.9,37,37.1,90,130001,4837232.5
4/9/24,37.8,37.9,36.8,37.8,235,907957,33943547.6
4/8/24,36.4,37.7,36.2,37.5,344,964527,35732797.4
4/5/24,35.8,36.2,35.4,36.1,182,363081,13041369.9
4/4/24,36,36.3,35.8,35.9,81,243662,8774221.4
4/3/24,36,36.2,35.5,36,38,73480,2644568.6
4/2/24,35.5,36.5,35.5,36,115,718809,25832576.1
4/1/24,35.2,36,35,35.5,96,204276,7271926.8
3/28/24,35.9,36,35.2,35.3,69,167761,5970751.2
3/27/24,34.9,36.3,34.9,35.5,115,109181,3898371.7
3/26/24,34.5,35,34,34.5,78,83260,2845539.9
3/25/24,34.8,35.1,34,34.1,92,171978,5932606
3/22/24,35,35,34.5,34.6,54,448451,15482786.3
3/21/24,34.5,34.8,34.1,34.2,52,39586,1359188
3/20/24,34.9,35,34.5,34.5,70,88303,3058821.6
3/19/24,35.8,36,34.9,35.1,104,97284,3459499.6
3/18/24,36.5,36.8,35.6,35.8,137,200098,7190614.1
3/15/24,35,36.7,34.7,36.4,302,646184,23155979.4
3/14/24,34.5,35,34.3,34.3,52,24564,848054.5
3/13/24,35.1,35.1,34.2,34.5,117,229955,7993923.3
3/12/24,35,35.4,34.7,35,109,182589,6378682.9
3/11/24,34.7,35.5,34.6,34.7,90,290575,10194644.7
3/7/24,35.7,35.7,34.3,34.6,93,199670,7040456.9
3/6/24,34.9,35.8,34.2,35.3,138,593108,20701206.8
3/5/24,33.2,35.2,33,34.6,199,905661,30928093.9
3/4/24,32.4,33.4,31.7,33.3,198,504768,16675324.7
3/1/24,32.4,32.5,31.6,31.8,35,86881,2773901.5
2/29/24,31.9,32.5,31.5,32.4,147,220865,7045588.6
2/28/24,31.5,31.9,31,31.7,93,137867,4329878.4
2/27/24,30,31.6,30,31.2,117,115656,3587742.8
2/26/24,29.7,31,29.5,29.7,47,16373,493552.5
2/22/24,29.9,30.4,29.5,29.7,31,56123,1671495
2/21/24,30.6,30.6,29.5,30,31,47804,1425669.2
2/20/24,30,30.4,29.6,30,37,52933,1586424.4
2/19/24,29.5,29.9,29.4,29.9,14,36081,1067339.1
2/16/24,29.8,30,29.1,29.4,34,17738,521252.6
2/15/24,30.2,30.4,30,30,27,40135,1205391.6
2/14/24,30.9,30.9,30,30,30,40674,1230033.8
2/13/24,30.5,31,30.2,30.5,15,3874,118180.8
2/12/24,31,31,30.2,30.5,25,43863,1335147
2/9/24,30.9,31.3,30.9,31,19,4144,128728.5
2/8/24,31.3,31.3,30,31,87,171980,5297338.8
2/7/24,31.4,31.5,30.2,30.2,34,45703,1392974.3
2/6/24,31.4,31.4,30.5,30.6,46,78395,2410188.9
2/2/24,28.9,31.6,28.9,31.2,264,479056,14516892.2
2/1/24,28,28.8,27.6,27.7,18,34067,953123.3
1/31/24,27.3,28,27.3,27.9,8,11219,313328.3
1/30/24,28,28,27.4,27.4,13,1035,28740
1/29/24,28,28,27.5,27.6,49,25372,706247.9
1/26/24,27.9,28,27.7,27.8,25,16360,454783
1/24/24,29,29,27.6,28,24,8486,237525
1/23/24,28.1,29,28,28,14,4703,131910.6
1/22/24,29.2,29.2,28,28.1,10,3503,98434
1/19/24,29.3,29.5,28.3,28.3,33,31649,911376.9
1/18/24,28.5,29.3,28.5,29,45,125828,3647892.3
1/17/24,29.5,29.5,28.3,28.4,23,17554,512776.1
1/16/24,30,30,29,29,19,21817,634576
1/12/24,29,29.7,29,29.1,15,35056,1018155.1
1/11/24,29,29.1,28.9,29,23,16459,477160.9
1/10/24,30.4,30.4,29,29,24,15087,438052.6
1/9/24,29.9,30.2,29.4,29.4,4,11510,343402
1/8/24,29.6,30.5,29.1,29.8,14,32519,963381.6
1/5/24,30,30.2,29.5,29.6,53,104751,3126370.8
1/4/24,29.9,30,29.6,29.6,22,22629,675034.9
1/3/24,30,30,29,29.7,40,54230,1587566
1/2/24,30.7,30.7,29.3,29.3,8,4863,143948.5
12/29/23,30.4,30.5,29,29.1,30,35199,1040385.4
12/28/23,29.3,29.9,29,29.2,29,25212,738006.3
12/27/23,29.4,29.4,28.5,28.7,46,30659,881637.1
12/22/23,29.9,29.9,29,29.1,27,63375,1842647.2
12/21/23,29.5,29.8,29.3,29.3,19,12532,369206
12/20/23,29.9,29.9,29.5,29.6,15,7023,209032.6
12/19/23,30,30,29.5,29.6,54,161793,4847417.8
12/18/23,30,30,29.7,29.9,21,53152,1594380.7
12/15/23,31,31,29.7,30,46,109110,3323140
12/14/23,30.9,30.9,30,30.2,23,10165,307866.1
12/13/23,31.5,31.5,30.1,30.6,41,63108,1920713
12/12/23,32,32,30.4,31,20,19090,592488.5
12/11/23,31.5,32,30.6,31.2,19,5658,178171.4
12/8/23,30.3,31.7,30.3,30.7,25,67888,2098407.9
12/7/23,31.4,31.4,30.1,30.5,33,29318,891674.5
12/6/23,30.5,31.8,30.5,31.4,9,286,9006.6
12/5/23,32,32,30.6,30.9,37,45106,1396767.9
12/4/23,32.5,32.5,31.5,31.5,51,108598,3447594.7
12/1/23,31.5,31.9,31.5,31.8,40,30754,977612.6
11/30/23,31.9,32,30.8,31.5,41,153756,4805406.1
11/29/23,31.4,32,30.8,31.2,59,148220,4576101.2
11/28/23,31,31.3,30.7,31,32,166493,5175573
11/27/23,30.5,31,30.4,30.5,24,124127,3777325.2
11/24/23,30.2,31,30.1,30.3,40,17226,522416.8
11/23/23,31.2,31.4,30.3,30.5,19,22656,692661.3
11/22/23,30.7,31.2,30.7,30.8,5,1226,37648.7
11/21/23,31,31,30.2,30.5,43,67444,2059916.7
11/20/23,31,31,30.7,31,15,18561,575316
11/17/23,31,31.5,30.5,31.1,30,15847,492226.6
11/16/23,32,32,31,31.1,20,11281,353337.5
11/15/23,32,33,31.5,31.5,23,59655,1906697.2
11/14/23,32.1,33,32,32.1,26,53987,1733992.3
11/13/23,32.8,32.8,32,32.4,17,71637,2292808.6
11/10/23,33,33,31.5,31.7,36,42433,1358948.2
11/9/23,32.7,33.5,32,32.1,27,23088,749965.3
11/8/23,32,33.4,32,32.7,43,93414,3059292.6
11/7/23,32.8,32.8,31,32,18,43925,1406525.3
11/6/23,33.5,33.5,32,32,33,27675,896498.6
11/3/23,33,33.5,32,32.5,159,163467,5366974
11/2/23,32.1,32.4,31.4,32.3,13,9641,311303.9
11/1/23,30.5,31.7,30.5,31.3,24,32921,1022809
10/31/23,31.1,31.3,30.5,30.5,21,34631,1076841.2
10/30/23,30.6,31.4,30,30.4,47,54147,1636615.1
10/27/23,30.5,31.6,30.5,31.6,13,8016,246474.5
10/26/23,31.7,31.7,30.1,30.3,44,21179,638627.1
10/25/23,31.5,31.5,30.3,31,40,21887,676430.2
10/24/23,32.7,32.7,31,31.4,26,22595,705580.2
10/23/23,32.8,33,32,32.1,70,107034,3517346.6
10/20/23,31.7,33,31.3,32.4,76,44419,1422940.4
10/19/23,30,30.6,29.5,30.1,50,56265,1689391
10/18/23,29.8,30.4,29.8,30.1,57,159092,4772349.2
10/17/23,31,31,30,30,84,90567,2722715.3
10/16/23,32,32,30.6,30.9,49,25234,785701.2
10/13/23,31,32.7,30.2,32,35,14436,466102.6
10/12/23,32.4,32.9,30.5,32.1,106,133671,4216242.8
10/11/23,31.6,32.5,31,31.3,67,42038,1310164
10/10/23,32.5,32.5,31.5,32,47,44330,1410909.7
10/9/23,33,33,31.1,32.5,67,54193,1717448.3
10/6/23,33.9,33.9,32.5,32.5,48,62849,2066699.9
10/5/23,34,34.3,33,33.2,27,30029,1007263.6
10/4/23,32.8,34,32.6,33.8,56,46296,1540822
10/3/23,33.8,33.9,32.5,32.6,77,127877,4255806.2
10/2/23,35,35,33.8,33.9,38,36186,1225773.6
9/27/23,34.3,35.5,34.3,34.9,43,81251,2827696.4
9/26/23,34.3,34.3,34,34.1,26,32971,1122031.3
9/25/23,34.5,34.5,33.8,34.2,36,40929,1393733.3
9/22/23,33.4,34.5,33,34.4,28,30502,1026706.3
9/21/23,34,34,32.7,33.4,90,138697,4634587.1
9/20/23,33.6,34.4,33.6,33.6,49,20573,695172.3
9/19/23,34.5,35,33,33.5,111,166731,5684209.6
9/18/23,34.2,35,34,34.5,111,182987,6316965.6
9/15/23,34.5,34.5,33.7,34.2,74,99969,3402507.4
9/14/23,34.5,34.9,34.2,34.4,77,66864,2309204.5
9/13/23,34.9,34.9,34,34.1,119,68798,2358597
9/12/23,35,35,34,34.3,78,81080,2774467.6
9/11/23,36,36,34.9,35,108,93397,3303253.9
9/8/23,36,36.9,35.8,36,53,26422,959658.2
9/7/23,36.4,36.8,35.7,35.9,62,63690,2286697.6
9/6/23,37.4,37.4,35.5,35.7,105,191032,6841469.5
9/5/23,36.6,37.4,36,36.6,165,329790,11982711.7
9/4/23,35.7,37.5,35.2,36.6,193,220439,8122939.1
9/1/23,35.7,35.8,34.5,35.2,106,155125,5428662.3
8/31/23,36,36.7,35,35.1,241,252162,8946218.5
8/29/23,37,37,36,36.4,134,146877,5355649.7
8/28/23,38.2,38.2,36,36.3,168,134715,4935650.7
8/25/23,37,38.4,36,37.5,129,78921,2961582.4
8/24/23,38.9,39.1,37.1,37.8,149,253050,9611742.7
8/23/23,39.6,39.6,38.1,38.9,265,310545,12027376.6
8/22/23,39.9,39.9,38.5,39.7,387,624298,24436258.9
8/21/23,40.1,41.4,39,39.1,939,1802302,72316477.6
8/18/23,38.5,40.2,38.2,39.8,1926,7668768,302204428.3
8/17/23,36,38.1,36,37.5,935,2517633,94330439.4
8/16/23,35.1,36.9,35,36,129,260182,9410116.4
8/15/23,36,37,34.5,35.6,97,304269,10789636
8/14/23,36.6,37,35.2,36.1,111,237465,8604769
8/11/23,38.1,38.1,36.5,36.6,118,195226,7175565.9
8/10/23,38,39.8,37,37.3,529,28896909,1046294109
8/9/23,39.5,39.9,37.2,37.3,161,254211,9596034.4
8/8/23,39.4,39.5,38.1,39.4,97,90031,3531418
8/7/23,39.9,39.9,38,38.6,104,112319,4372004.4
8/4/23,40.9,40.9,37.5,39.4,119,103114,4100523.9
8/3/23,40,42.9,39.6,41,336,887880,36951637.5
8/2/23,41.7,41.9,40.2,41.1,163,269335,11085570.9
7/31/23,40,41.7,39.5,41.5,213,252280,10370869.8
7/28/23,39.5,41.9,39.5,39.9,264,328968,13283219.1
7/27/23,39.5,39.8,38.5,39.5,175,127648,5024192.8
7/26/23,37.1,39.8,37.1,38.8,221,317871,12453346.3
7/25/23,35.5,38.8,34.1,37.5,392,469708,17482344.4
7/24/23,33.6,35.5,33.6,35.4,100,211631,7377090.8
7/21/23,35,35,33.5,34.3,63,83177,2831996.3
7/20/23,34.5,35.5,34.1,34.6,127,110200,3831522.4
7/19/23,32.5,34.5,32.5,34.4,237,231134,7776678.1
7/18/23,32.2,32.5,31.4,31.8,68,21776,694048.8
7/17/23,31.5,33.2,31.5,32.7,62,84517,2758480.1
7/14/23,31.2,31.7,31.1,31.5,62,38751,1211877.1
7/13/23,31.5,32,31.3,31.4,33,16294,512870.1
7/12/23,31.5,32,31.5,32,52,31638,1008569.5
7/11/23,31.5,32.3,31.5,31.6,44,16725,529077.2
7/10/23,32.6,33,31.8,31.9,113,109128,3551093.5
7/7/23,30,32.8,30,32.4,224,231572,7249996.5
7/6/23,27.7,30,27.6,29.4,149,178653,5128345.7
7/5/23,28.5,28.5,26.9,27.5,56,32318,894319.5
7/4/23,24.6,29,24.6,28.4,144,206944,5727698.8
6/28/23,24.5,25.7,24.4,25.4,21,13947,348003
6/27/23,25.2,25.2,25.2,25.2,4,2506,63151.2
6/26/23,24.1,25.3,24,25.3,23,6377,155904.4
6/23/23,25,25.5,24.1,24.3,9,1351,32893
6/22/23,25.4,25.4,25,25,8,2204,55181.2
6/21/23,24.7,25,24.2,24.5,23,8602,213802.9
6/20/23,25,25.5,24.6,24.6,13,3773,93978.7
6/19/23,25.5,25.5,24.3,24.3,6,811,19720.1
6/16/23,25.5,26,24.2,24.9,10,7606,193981.4
6/15/23,25.4,26,24.8,25.5,23,7707,196813.3
6/14/23,25,25.4,24.6,25.3,28,35508,889509.6
6/13/23,25,25,24.3,24.5,10,402,9930
6/12/23,25.4,25.4,24.7,24.7,30,9725,242576.8
6/9/23,23.3,25.9,23.3,25,70,134767,3356902.1
6/8/23,23.5,23.5,23,23.2,7,4495,103530.4
6/7/23,22.7,23.3,22.5,22.6,8,5835,131749
6/6/23,23.3,23.3,23.3,23.3,15,3995,93083.5
6/5/23,23.5,23.5,22.5,23.3,8,11323,257436.6
6/2/23,23.2,23.3,23.2,23.3,8,784,18266.1
6/1/23,22.2,23.4,21.5,22.6,40,14014,314959
5/31/23,20.8,21.9,20.8,21.9,7,7067,154707.9
5/30/23,22,22,20.5,20.8,34,13619,287125.2
5/29/23,21.7,22.1,21,21.1,63,20835,443318.4
5/26/23,23.4,23.4,22,22.3,40,19356,433037.7
5/25/23,23.4,23.4,23,23.1,5,232,5348.8
5/24/23,23.4,23.4,23.4,23.4,2,200,4680
5/23/23,22.7,22.7,22.5,22.5,11,6955,157098
5/22/23,23.5,23.5,22.6,22.6,17,6653,151147
5/19/23,23,23,22.8,22.8,9,2218,50573.4
5/18/23,23.8,23.8,23.1,23.1,6,161,3756.7
5/16/23,23,23,23,23,45,50701,1166123
5/15/23,23.8,23.8,22.9,23,41,11532,265274.8
5/12/23,23.6,23.6,23,23.3,18,13610,319624
5/11/23,22.9,23.8,22.9,23,26,6514,149770.5
5/10/23,23.8,23.8,23,23,14,749,17269.2
5/9/23,23.7,23.8,22.9,23.1,7,47,1114.2
5/8/23,23.8,23.8,22.5,23.1,58,30464,697303.5
5/4/23,23,23.8,23,23.1,7,10001,231023.8
5/3/23,23.4,24.4,23.2,23.2,21,9711,226141
5/2/23,24,24.4,23.2,23.3,45,7782,184108.4
4/28/23,23.9,24,23.9,24,14,12059,289005
4/27/23,24.1,24.7,23.9,24.1,19,3064,73637
4/26/23,24.3,25.2,24,24.1,45,4242,102698.6
4/25/23,24.9,24.9,24.9,24.9,3,512,12748.8
4/24/23,24.5,24.9,24.3,24.5,27,17261,422831.3
4/21/23,24,24.9,24,24.5,21,7194,175739.5
4/20/23,25.4,25.4,24.3,25,12,2170,53638.7
4/19/23,25.4,25.8,23.6,25.7,30,11503,284241
4/18/23,26,26,25.6,25.6,10,250,6403.3
4/17/23,26.8,26.8,25.6,26,11,10402,272187.5
4/12/23,25.1,26.9,25.1,26.4,29,8312,216828.3
4/11/23,25.2,26,25,25,16,10894,272791.4
4/10/23,24.9,24.9,24.9,24.9,4,651,16209.9
4/6/23,24.6,24.6,23.2,23.9,31,2315,55253.3
4/4/23,24.7,25.5,24.7,25,10,360,9023.7
4/3/23,25,26.5,25,25.1,2,1050,26325
3/31/23,25.3,26.5,25,26,16,15943,414182.3
3/30/23,25.9,25.9,25.7,25.9,8,3891,100758.9
3/29/23,26,26,25,25.1,10,5436,140503.2
3/28/23,24.1,25.2,24.1,24.9,24,19615,478058.3
3/27/23,24.7,26.5,24.7,24.9,17,38056,949126.7
3/24/23,24.1,24.9,24,24.9,17,3430,83352.9
3/23/23,24.8,25,24,24.9,14,2481,60926.9
3/22/23,25.5,25.5,24.7,25,32,11451,286877.5
3/21/23,26.5,26.5,25.5,25.5,19,14451,376670.4
3/20/23,27,27.5,26.5,26.5,12,5905,156572.5
3/17/23,27.3,27.3,27,27.1,5,190,5142
3/16/23,27.7,28.5,27.5,27.5,15,28185,787025.2
3/15/23,27.8,27.8,26.5,26.5,17,2775,73612
3/14/23,26.2,27.2,26.1,26.9,7,1701,44678.1
3/10/23,28,28,26.8,27.1,31,4658,126755.5
3/9/23,27.6,29,27.5,27.9,38,18894,528848.8
3/8/23,28.7,29,28,28.7,74,48727,1393427.2
3/7/23,26.7,29.1,26.7,27.7,86,41329,1146338.5
3/3/23,25.8,26.4,25,26,37,53677,1360521.7
3/2/23,23.8,25.8,23.8,25,38,51174,1240142
3/1/23,23.7,23.9,23,23.5,22,4961,116922.1
2/28/23,23.9,23.9,23.9,23.9,2,110,2629
2/27/23,24,24,23.7,23.7,6,2722,65300.5
2/24/23,24.3,24.4,24,24.2,26,7941,192160.2
2/23/23,24,24,23.1,24,13,5919,141939.5
2/22/23,24.5,25,22.5,22.6,45,24222,559259.4
2/21/23,24.8,24.8,23,23.2,24,5179,120177.6
2/20/23,24.6,25,24,24.2,18,12777,315249.7
2/17/23,25.4,25.4,23.5,23.7,10,5104,120952
2/16/23,25.5,25.5,25.4,25.4,2,5100,129550
2/15/23,23.4,24,23.4,23.3,2,14,330
2/14/23,25,25,23.1,23.3,24,12309,290956.6
2/13/23,24.5,25.3,24.2,24.4,8,875,21485.5
2/10/23,25.9,25.9,25,25.6,15,2232,57012.2
2/9/23,25.8,25.8,25.8,25.8,3,155,3999
2/8/23,25.4,26.5,24.4,25.1,31,8096,204293.3
2/7/23,25,26.8,25,25.3,10,5269,133055
2/6/23,26.1,27.1,25.5,26.8,28,15730,409814.5
2/3/23,26.5,27.5,26.5,27.1,45,25908,698542.1
2/2/23,24,26.7,24,26.4,66,20703,533840.2
2/1/23,23.8,24,23.7,23.7,19,2332,55348.4
1/31/23,24.6,25.6,23.6,24,43,12762,306627.2
1/30/23,23.8,25.6,23.8,25.6,4,491,11866.9
1/26/23,25,25.8,23.6,25.7,20,2482,63547.1
1/25/23,24.5,25.8,23.5,25.5,7,291,7299.9
1/24/23,25.9,26,23.9,24.1,5,1231,29651.9
1/23/23,25.4,25.4,24.7,24.8,9,6026,149721.6
1/20/23,23.7,25.9,22.7,24.6,17,6318,155333.6
1/19/23,23,23,23,23,9,5686,130778
1/18/23,23,23,22.5,23,10,829,18917
1/17/23,23,23,23,23,2,6,138
1/13/23,22.5,23.7,22.5,23,15,11685,267828.5
1/12/23,23,23,23,23,1,2000,46000
1/11/23,22.7,23,22.6,23,5,430,9768.5
1/10/23,22.7,22.7,22.7,22.7,2,48,1089.6
1/9/23,23,23,22.6,22.7,4,1049,23827.4
1/5/23,23,23,23,23,12,4969,114287
1/4/23,23,23,23,23,4,1601,36823
1/3/23,23,23.3,23,23,25,9490,218401.1
1/2/23,23,23.5,23,23.1,13,3289,75793.5
12/30/22,22.5,23.5,22.4,22.5,11,2627,59212.2
12/29/22,23.2,23.6,23.2,23.5,8,1764,41261.4
12/28/22,23.3,23.3,22.9,23,8,2566,59119.1
12/27/22,22.5,23.4,22,22,43,14416,318617.4
12/23/22,23.3,23.3,22.5,23.3,9,236,5410.8
12/22/22,22.5,23.4,22.5,22.8,20,2412,54448.9
12/21/22,22.5,23.9,22,22.1,14,2676,59875.8
12/20/22,23.9,23.9,22.5,22.8,10,601,13687
12/16/22,23.5,23.9,23.5,23.7,20,8544,201963
12/15/22,23.6,23.9,22.5,23.2,17,6417,149477.1
12/14/22,23.8,23.8,22.6,22.8,15,1136,25873.1
12/13/22,23.5,23.8,23,23,20,1151,26573.9
12/12/22,22.7,23.9,22.6,23.8,8,11111,251442.1
12/9/22,23.8,24,21,23.9,52,15501,349897.7
12/8/22,24.9,24.9,23.8,24,16,3580,86085.4
12/6/22,25.9,25.9,23.8,24.3,7,1302,31610.1
12/5/22,24.2,25,23.2,24.5,11,4680,113427
12/2/22,23.1,24.8,23,23.3,8,1672,38728.4
12/1/22,24.8,24.8,24.3,24.4,20,3267,80208.7
11/30/22,25.9,25.9,23.6,24.3,26,10783,257456.3
11/29/22,24.8,25,24.7,24.9,22,11392,283294.8
11/28/22,23,24,22.5,23.1,24,6083,139691.7
11/25/22,22,22.5,22,22.1,6,556,12304.5
11/24/22,22.5,22.5,21.3,22.5,36,19066,418445.8
11/23/22,22.5,24,22,23.2,22,2742,62101
11/22/22,22,24.9,21.7,22.6,22,2606,58870.9
11/21/22,22.9,23.4,20.7,21.3,67,46269,1006971.3
11/18/22,24.5,24.5,22.9,23.3,17,2194,51509.4
11/16/22,23.5,23.5,22.8,23.1,16,7221,167151.8
11/15/22,24.1,25.8,24,25,13,3259,80562.6
11/14/22,24.1,24.1,23.5,23.5,8,1212,28591.2
11/11/22,24.8,25.5,24,24.1,18,7861,189521.5
11/10/22,24,25.7,24,25,3,175,4368
11/9/22,24.6,24.6,23,24.1,17,4825,114118.6
11/8/22,25.6,26.1,22.3,24.5,28,7372,180517.4
11/4/22,27.6,27.6,25.8,26.2,14,3383,88913
11/3/22,26.9,26.9,26.3,26.3,14,8520,225700.6
11/2/22,27.3,27.3,26.5,26.6,12,9769,263073.5
11/1/22,26.6,27.5,26.5,27.2,57,46850,1258820.8
10/31/22,25,26.8,25,25.1,5,250,6286
10/28/22,27,27,25,26,8,13190,344751.4
10/27/22,24.5,27,24.5,25.5,25,47121,1206978.8
10/26/22,27,27,24.5,25,40,18590,466772.5
10/25/22,25.4,25.4,25.4,25.4,1,500,12700
10/21/22,26.9,26.9,25.8,25.9,21,2534,65565.4
10/20/22,27.8,27.8,26.5,27.1,4,201,5456.5
10/19/22,27.5,27.9,26.6,27.1,13,8345,226179
10/18/22,26.6,28.3,26.5,26.5,8,3951,105008.4
10/17/22,28.9,28.9,28,28.6,8,859,24500.1
10/14/22,29.3,29.3,26.5,27,51,13262,361108.1
10/13/22,29.3,29.3,28.5,28.7,16,3590,102660
10/12/22,28.9,29.5,27,28,28,2292,64487.2
10/11/22,30,30,28,28.9,22,3690,104790.8
10/7/22,28.6,29.9,28.5,28.7,15,3975,114079.5
10/6/22,29,30,28.7,29,9,3578,103868
10/5/22,30.9,31,28.5,30,16,3958,118579.3
10/4/22,30.8,30.8,29,30,74,67917,2045162.8
10/3/22,32,32,30.8,30.9,38,11280,354819.1
9/30/22,31,33,30.8,31.1,82,44581,1431901
9/29/22,33,33.4,31,31,73,31818,995458.4
9/28/22,30,33,30,32.7,76,87340,2798883
9/27/22,30.1,30.8,30,30.3,28,66896,2026564
9/26/22,30.6,30.6,30,30,32,9327,281429
9/23/22,31,32,30.5,30.9,34,15121,462173
9/22/22,32,32,30.8,30.8,14,5205,160935.4
9/21/22,32.7,32.7,30.7,31.2,21,8017,249751.3
9/20/22,31,33,30.5,30.9,37,10906,338318.3
9/19/22,32.1,33,31.1,32.6,47,48052,1562437.6
9/16/22,32.5,32.5,31.6,32.1,25,27614,891775.9
9/15/22,32.4,33,31,31.6,44,48612,1561863.7
9/14/22,32.4,33,32.1,32.5,53,54560,1776124.2
9/13/22,31.8,32.4,30.5,31.5,48,57737,1812009.7
9/12/22,32.5,32.5,30.7,31.4,117,128159,3992677.1
9/9/22,34.7,34.7,33,33.5,80,87978,2953093.5
9/8/22,32,34.7,32,33.9,105,91123,3086957.6
9/7/22,32,32.9,31.5,32.1,60,46475,1491577.4
9/6/22,32.7,33,30.5,31.9,46,40180,1274086.1
9/5/22,33.8,33.8,32.5,32.7,35,19912,651934.2
9/2/22,34.4,34.4,32.4,33.4,89,74388,2484820.5
9/1/22,31.9,32.9,31.2,32.4,48,21226,686653.6
8/31/22,31.4,31.5,30,31.4,53,138411,4335350.9
8/30/22,29.5,31.5,29.5,31.2,50,82552,2553553.5
8/29/22,30.5,31.4,30,30,29,33922,1022251.5
8/26/22,31,31,28,30.6,85,62944,1879159.7
8/25/22,30,31.5,29.8,30.3,86,94782,2878598.2
8/24/22,31,31.5,30,30.3,53,72668,2239912.5
8/23/22,31.8,31.8,30.5,31.2,48,49204,1533295.5
8/22/22,31.4,31.9,30.4,30.9,79,125647,3864949.8
8/19/22,30,31.9,29.5,30.4,145,140414,4264827.6
8/18/22,26.9,29,26.4,27.5,81,96722,2651072.3
8/17/22,27.5,27.5,26,26.2,63,30220,794376.6
8/16/22,27.8,27.8,26.5,26.9,51,10652,288195.3
8/15/22,27.5,27.9,26.5,27.5,81,55540,1524646
8/12/22,26.7,26.7,26,26.1,103,42038,1103435.7
8/10/22,27.4,27.4,26.2,26.5,103,66856,1782331.3
8/9/22,29.8,29.8,26.5,26.6,176,100401,2714608.3
8/8/22,28,29.9,27.5,28.6,356,346486,9868719.7
8/5/22,22,28,21.1,26.6,722,517187,12907246.1
8/4/22,19.4,19.9,19.4,19.5,50,44358,866631.5
8/3/22,19.4,19.7,18.8,18.8,52,19774,374577.5
8/2/22,18.9,19.2,18.8,19,16,6800,129030
8/1/22,19,19,18,18.2,11,6155,110864.5
7/29/22,18.1,19,17.9,18.1,35,19419,349768.2
7/28/22,18.9,18.9,18,18,24,14073,253890.4
7/27/22,18.5,19.4,18,18,33,35043,633140.3
7/26/22,18.8,19.8,18.6,18.6,24,3961,74136.1
7/25/22,19,19.4,18.6,19,9,11651,219149
7/22/22,18.5,20,18.5,19.9,19,3617,67859.2
7/21/22,19.9,19.9,18.6,18.7,9,2368,44606
7/20/22,20,20,19,19,20,13595,259040.5
7/19/22,19.5,20,19,19.2,41,12486,239576.8
7/18/22,19,19.5,18.6,19.1,26,8744,166521.8
7/15/22,18.9,19,18,18.3,27,16813,312994
7/14/22,17.5,18.9,17.5,17.6,6,1225,21587.5
7/12/22,18,19,18,18.1,25,40135,725130.4
7/11/22,17.9,18,17.9,18,23,14700,264490
7/8/22,17.9,17.9,17.3,17.8,9,1955,34614.5
7/7/22,18,18,17.4,17.4,14,1669,29387.5
7/6/22,17.3,18.3,17.3,17.5,21,14660,254380
7/5/22,18.4,18.4,17,18.3,33,14273,251094.2
7/4/22,18,18.4,17.6,17.7,16,6537,115592.8
7/1/22,18.1,18.9,17.8,18.3,21,16840,307755.5
6/30/22,17.4,18.2,17.4,18,35,23322,420329.7
6/29/22,18.5,18.5,17.5,17.6,17,4857,85528
6/28/22,17.8,18.9,17.6,18.3,10,862,15593.1
6/27/22,19.5,19.8,17,18.5,54,28916,535854.2
6/24/22,19.5,19.5,18.1,18.4,49,9458,176552.5
6/23/22,18.4,19,18,18.4,13,2046,37721.5
6/22/22,19,19,18.1,18.4,34,12104,223819.7
6/21/22,18.6,18.9,18,18.2,29,12260,224310.3
6/20/22,19,19,17.5,18,34,33070,592029.8
6/17/22,19.3,19.3,18,18,58,41635,751551.4
6/16/22,20.3,20.3,18.5,18.6,75,48761,913730.8
6/15/22,20,20,19.9,19.9,3,120,2389
6/13/22,19.7,20.1,19.6,20.1,10,6113,121206.9
6/10/22,19.9,20.1,18,19.8,51,40126,785004.4
6/9/22,20,20,18.8,19.4,73,33427,653547.9
6/8/22,18.8,20,18.8,19.9,39,13598,266338.6
6/7/22,19.8,19.8,18.5,19.3,77,90545,1718235.8
6/6/22,22.5,22.5,19.5,20.3,72,103924,2117941
6/3/22,24,24,22.4,22.7,14,2631,59613.9
6/2/22,22,23.5,22,23.4,15,6615,150512.2
6/1/22,24.2,24.6,23,23.8,76,30891,731161.6
5/31/22,21.9,26,21,24.2,331,221097,5087787.3
5/30/22,18.7,19.5,18.7,18.9,28,7152,134908.3
5/27/22,19.5,19.5,18.8,19.3,15,14737,281442.3
5/26/22,19.5,19.5,19,19.2,19,21732,416784.7
5/25/22,19.5,20,19.5,19.7,34,45613,897310.5
5/24/22,20.8,20.8,19.1,19.3,31,28757,566648.6
5/23/22,20.4,21,19.2,20,52,32153,642082.3
5/20/22,21,22,18.5,19.2,93,57346,1102381
5/19/22,22.2,22.2,21,21.8,16,4100,89239
5/18/22,22.5,22.5,21.5,22.2,43,32011,710976.9
5/17/22,23,23.5,21,22.4,62,43850,971261.6
5/13/22,18.9,22.7,18.9,21,88,38891,807251.3
5/12/22,18.2,18.9,17.9,18.4,32,32655,597444
5/9/22,16.5,18,16,16.2,31,34328,558464.4
5/6/22,17.1,18.1,16,16.8,28,5278,88364.2
5/5/22,18.5,20,17,17.1,38,15790,284285.5
5/4/22,17.3,19.2,17.3,17.6,16,5155,90800.4
4/29/22,19.8,20,17.5,17.8,53,17775,332995.2
4/28/22,17.3,19.4,14.8,17.4,68,62823,1030270
4/27/22,11.8,19.5,11.8,16.1,117,106970,1548549.1
4/26/22,16.5,16.5,13.9,15.7,26,8344,132535.5
4/25/22,19,19,18,18.5,13,6560,121540
4/8/22,23.5,24,21,21.4,16,7500,168222
4/7/22,23.4,24.5,20,20.2,39,21870,444252.9
4/6/22,24.5,25,23,23.4,60,36928,891094.5
4/5/22,24,24.4,23.2,24.3,35,35066,826594
4/4/22,23,24,21,22.5,87,36568,822314
4/1/22,24.5,24.5,24.5,24.5,1,2000,49000
3/31/22,27.5,27.5,25,25.2,20,6248,157416.9
3/30/22,27.2,28,25.2,26.8,83,47063,1231870.1
3/29/22,30.1,31.5,27.4,29,39,12388,363630.4
3/28/22,33.5,33.5,30,30.1,64,48783,1472849
3/25/22,31,34.7,30.2,33.6,66,204356,6807460.5
3/24/22,31.1,32.3,30.3,31.8,15,13200,406914
3/23/22,32.3,32.5,30.9,31,34,21585,678060.2
3/22/22,32.5,32.5,31.6,32.4,34,30805,993966.2
3/21/22,31.3,32,31,31.2,32,18623,587081.1
3/18/22,31.6,32.6,30,31.3,50,24842,765445
3/16/22,31,31.5,29.6,30.1,58,45347,1373887.4
3/15/22,32,32.4,30.2,31.6,22,8350,255144.2
3/14/22,31,33,30,31.8,58,16498,524071.2
3/11/22,34.3,34.9,31.1,32,85,36909,1190770.3
3/10/22,35,35,31.5,34.3,69,28612,958317.2
3/9/22,33.5,37,29.8,30.6,100,52993,1646567.8
3/8/22,38.6,39.4,33.5,33.9,98,45357,1566390
3/7/22,38.5,39.5,36.5,37.1,50,19331,729144.2
3/4/22,37.5,39.1,36,37.5,75,21827,809089.8
3/3/22,39.1,40.8,37,37,101,85727,3217070.1
3/2/22,42.7,42.7,39.1,40.7,67,36043,1479457.3
2/28/22,41.5,42.2,40,42,75,17977,751990.9
2/25/22,37.9,40.5,37,39.9,150,164093,6517246.4
2/24/22,37,41,36.4,36.6,76,32064,1203919.6
2/23/22,42.1,42.1,36,41,148,88966,3474696.6
2/22/22,43,44,42,42.4,89,39679,1698220.3
2/21/22,45.5,45.5,42.1,42.7,158,178993,7662050.1
2/18/22,47,47.5,45,46,160,56714,2607140.7
2/17/22,47.3,47.3,44.2,46,157,110943,5036675.8
2/15/22,49.5,49.5,46.5,47.8,222,192916,9163165.6
2/14/22,51.5,51.5,49.1,49.9,160,91592,4625882.6
2/11/22,51,51.5,48.6,50.2,184,128696,6450021.1
2/10/22,49.4,51.5,47,49.9,269,162564,8036501.9
2/9/22,52,54,48.3,48.7,329,240885,12121867.4
2/8/22,55.5,56.5,50,51.9,731,520368,27003994.5
2/7/22,57.8,59.6,52.6,54.9,1956,1876919,106304698.7
2/3/22,41.9,49.6,40.2,47.7,1362,1737920,77751615.2
2/2/22,40,40.7,37,37.9,164,152699,5887250.2
2/1/22,40,40.5,37,39.6,126,82036,3245502.3
1/31/22,40,40.4,39,39.7,69,28320,1117698
1/28/22,40.5,40.5,38,39.3,83,33900,1312392
1/27/22,39.2,42,38,39.6,124,114276,4648967.6
1/26/22,40.5,41.8,39.5,39.9,173,63056,2526893.3
1/25/22,42,42,39.6,40.5,144,108701,4363194.3
1/24/22,41,42.5,41,41.8,66,19983,834449.9
1/21/22,41.7,43.9,41.5,42.2,47,20543,865357
1/20/22,43.1,44.8,41,41.6,172,171822,7175893.3
1/19/22,44.8,45,43,44,165,194156,8600997
1/18/22,40,47.8,40,44.7,596,595381,27247257.9
1/13/22,40.5,43,39,39.7,119,66433,2670500.7
1/12/22,41.9,42,38.1,39.1,196,162701,6468437.4
1/11/22,42,42.5,41,41.1,143,126044,5214269.6
1/10/22,43.7,44.8,40.5,42.5,256,166566,7100894.6
1/7/22,49,49,42.7,43.2,499,393526,17452406.1
1/6/22,37.5,46.6,37.5,46.6,1134,1628698,70455873.3
1/5/22,37,38.5,35.8,37.3,546,1046151,39043181.7
1/4/22,32.4,39,32.4,35.1,913,1142973,40875918.3
1/3/22,31,32.9,31,31.9,214,146810,4740074.1
12/31/21,30.3,31.5,29.9,30.4,111,93730,2829575.9
12/30/21,30.9,31.2,30.3,30.9,50,31293,965034.5
12/29/21,30.5,31,30.4,30.4,69,79315,2414703.5
12/28/21,31.5,31.5,30.3,30.9,38,40441,1255403.5
12/27/21,32,32,31,31,55,66235,2061062.7
12/24/21,31,32,30.8,31.3,50,17716,552715.5
12/23/21,32.5,32.5,31,31,81,167692,5241847.3
12/22/21,32.5,32.5,31,31.3,77,62475,1966136.6
12/21/21,32,32,30.4,31.7,111,109858,3416785.4
12/20/21,33.5,33.7,32.3,32.3,167,308628,10047197.7
12/17/21,32,33.8,31.9,33.2,313,391750,12909820.9
12/16/21,32.5,33.3,32,32,205,150116,4840633.8
12/15/21,31.5,32,30,31.8,177,158005,4936880.6
12/14/21,32,32,29.5,30,198,235012,7073235
12/13/21,31.6,32.5,30.3,30.6,114,109912,3440378.8
12/10/21,31.6,31.9,30.4,31.4,139,161817,5077766.6
12/9/21,31,31.9,30,31.1,140,194489,6033979.5
12/8/21,31,31.9,29.9,30.3,124,86559,2619959.1
12/7/21,32.5,32.5,30.5,30.9,279,217237,6724566
12/6/21,32.5,34.3,30.7,32.6,301,403699,13286505.1
12/3/21,35.8,36,31,32.5,903,1936592,65552534.7
12/2/21,26.2,32.7,25.5,32.5,1444,3433012,106322892.5
12/1/21,26,26.2,25,26.2,47,71160,1823166.7
11/30/21,25.9,26.2,25.1,26,48,64798,1679300
11/29/21,24.6,26,24.2,25.7,95,62915,1586193.5
11/26/21,24.6,24.7,24.2,24.4,63,31183,763454.5
11/25/21,24.8,25,24.5,24.5,36,44980,1107662.5
11/24/21,25.6,25.6,24.5,25.2,57,145719,3594433.9
11/23/21,25,25.5,24.7,25.2,36,172724,4330652.5
11/22/21,25.6,25.6,24.9,25,10,4500,112891.7
11/19/21,24.6,25.5,24.6,25,42,115975,2897739.1
11/17/21,24.9,24.9,24.6,24.9,52,51196,1268791.6
11/16/21,25,25.6,24.9,24.9,54,26166,653754
11/15/21,25,26,24.8,25.1,126,124959,3131542.3
11/12/21,26.6,26.6,25.8,26,44,40836,1063013.1
11/11/21,26.7,27,26.1,26.4,89,250810,6725097.2
11/10/21,25.9,26.9,25.9,26.7,70,109431,2894017.4
11/9/21,25.9,27,25.5,26.1,132,382104,9952404.2
11/8/21,26.2,26.2,25.5,25.7,129,239062,6174977.3
11/5/21,26.5,27,25.5,26,268,778938,20543111.8
11/3/21,25,25.7,25,25.1,20,54348,1383036.5
11/2/21,25.5,25.5,24.8,24.9,34,50879,1282812.2
11/1/21,25,25.5,24.9,25,35,62133,1556452.7
10/29/21,26,26,25.1,25.4,13,6977,176936.4
10/28/21,25.5,26.2,25.4,25.6,78,147250,3805720.9
10/27/21,25.5,25.5,25.4,25.5,9,1075,27374.9
10/26/21,25.4,25.6,25,25.2,40,75053,1902427.1
10/25/21,25.4,25.4,24.5,24.8,72,132373,3289192.4
10/22/21,24.9,24.9,24.3,24.6,26,27937,685827.7
10/21/21,25.6,25.6,24.5,24.9,71,273162,6782002.5
10/18/21,24.8,25.5,24.5,24.6,40,45741,1129901.7
10/15/21,25,25.6,24.8,24.8,19,19768,492313
10/14/21,26,26,24.5,25,64,34092,847928
10/13/21,25.1,25.9,24.9,25,45,75336,1887153.6
10/12/21,25.1,26.4,25.1,26,41,104243,2676271.9
10/11/21,26,26,25.1,25.1,30,41178,1035062.2
10/8/21,26.2,26.2,25.1,25.4,33,26800,680558.8
10/7/21,26.5,27.5,25.2,25.6,263,427799,11357104.2
10/6/21,25.5,26.5,25.1,26.4,240,885479,23208817.9
10/5/21,25.5,25.8,25,25.2,59,105480,2689992.8
10/4/21,25,25.5,24.5,25.2,67,133218,3350318.8
10/1/21,24.3,25,24.3,24.4,38,5881,143733
9/30/21,25.3,25.3,23.9,24,53,44105,1061889
9/29/21,25.5,25.5,24.1,24.9,31,24781,604584.3
9/28/21,26,26,24.1,24.4,33,15655,385171.6
9/27/21,26,26.4,23.9,25.1,51,56187,1415338.6
9/24/21,26,26.5,25.7,26,37,24135,632328.6
9/23/21,25.7,26.6,25.7,26,107,183139,4801931.2
9/22/21,25,25.7,25,25.6,65,172980,4413513.6
9/21/21,24.9,26,24.7,24.8,20,17218,430271.9
9/17/21,25.7,26.1,25,25.2,82,138422,3547879.8
9/16/21,24.8,26.5,24,25.7,330,492637,12648998.9
9/15/21,23,25.5,22,24.8,216,654633,16092409.8
9/14/21,22.8,22.9,22.1,22.7,10,243,5530.6
9/13/21,22.2,22.5,22,22.1,50,29879,660773.4
9/10/21,23.8,23.9,22,22.4,60,25012,565554.6
9/9/21,23.5,23.9,22.7,23,98,56177,1289954.1
9/8/21,24.9,24.9,22.8,23,85,39013,898712.7
9/7/21,24.3,24.3,23.6,23.7,98,159591,3821815.6
9/6/21,24.4,24.9,22.6,24.3,146,110190,2661111.8
9/3/21,26.2,26.4,25.9,26,120,147239,3831424.5
9/2/21,25.7,26.4,25.7,26.2,74,52454,1366744.6
9/1/21,25.9,26,25.6,26,49,116956,3031657.4
8/31/21,26.2,26.2,25.8,25.9,42,42262,1094276.7
8/30/21,26,26.2,25.4,26,58,85988,2222735.1
8/27/21,25.8,26.9,25.3,25.8,103,94023,2411671.2
8/26/21,26.8,26.9,25.7,26,65,60384,1587762
8/25/21,25.2,27.5,25,26.1,217,443707,11769715.5
8/24/21,25.5,25.9,25,25.2,120,123774,3128023.6
8/23/21,26.1,26.9,25,25.3,202,711394,18166708.6
8/20/21,27,27.4,26,26.2,76,222409,5850342.6
8/19/21,28.5,28.5,26,26.4,133,258054,6896182.2
8/18/21,26,29.6,25.4,27.4,882,1883704,52927425.7
8/17/21,25,26.1,24.7,25.1,56,129056,3266151.9
8/16/21,25,25.7,25,25.1,12,5720,143367
8/13/21,24.8,25.7,24.6,24.8,20,8870,220059
8/12/21,25.9,25.9,24.8,24.9,23,6019,150559.5
8/11/21,25.7,25.8,25.5,25.6,20,8750,223865
8/10/21,25.1,25.8,25,25,34,24186,608136.9
8/9/21,25.5,25.5,25,25.2,32,33462,842755.5
8/6/21,25.3,25.9,25.3,25.5,15,3550,90636
8/5/21,26,26,25.1,25.2,49,38089,970357.5
8/4/21,25.8,26,25.5,25.7,130,305664,7861919.9
8/3/21,25.5,25.8,25.3,25.4,37,7567,192278.9
8/2/21,25.9,25.9,25.3,25.5,14,5960,152884
7/30/21,25.7,26.1,25.7,25.9,21,9396,243417
7/29/21,26.2,26.2,25.5,25.7,25,7678,197537.4
7/28/21,25.9,26.2,25.4,25.9,24,30877,801073.8
7/27/21,25.5,25.5,24.9,25.1,44,73054,1827419.6
7/26/21,26,26,25,25,72,47102,1181801
7/22/21,26.1,26.1,25,25.2,128,148814,3769741.3
7/20/21,26.3,26.3,25.8,25.8,49,27841,719526.7
7/19/21,26.3,26.3,25.8,26,73,45391,1184416.9
7/16/21,26.5,26.5,26.1,26.2,63,52808,1384645.2
7/15/21,26.5,26.7,26.1,26.1,82,161466,4241507.4
7/14/21,26.8,26.8,26.1,26.3,204,308035,8127340.5
7/13/21,25.7,26,25.5,25.5,40,46386,1185965.4
7/12/21,26.2,26.2,25.9,26.1,8,8192,212381.4
7/9/21,26.3,26.5,25.6,26.1,31,23970,626182.9
7/8/21,26,26.3,25.2,25.9,170,693845,17875378.7
7/7/21,26,26,25.3,25.3,12,5085,128680.9
7/6/21,25.8,26.5,25.2,25.8,82,89051,2326990.1
7/5/21,25.5,25.5,25,25.1,28,25961,652716.9
7/2/21,25.4,25.8,25.4,25.5,40,150063,3823677.4
7/1/21,25.3,25.9,25.3,25.6,27,24873,634057.1
6/30/21,26.5,26.5,25,25.1,42,52203,1341094.9
6/29/21,25,26.7,25,25.6,264,555477,14517207.9
6/28/21,24.5,25.5,24.5,24.9,13,2137,52807.6
6/25/21,25.4,25.4,24.5,24.9,32,56468,1406002.6
6/23/21,24.8,25,24.5,24.7,24,48637,1196912.8
6/22/21,25.1,25.5,24.7,24.8,33,34746,866016.4
6/21/21,25,25.9,24.9,25,69,52500,1317009
6/18/21,24.8,25,24.4,24.8,21,7123,175903.9
6/17/21,25.1,25.1,24,24.3,61,56942,1383470
6/16/21,25.5,25.5,24.7,25.1,36,21205,535127.3
6/15/21,25.5,25.5,25,25.1,43,44878,1124145
6/14/21,25.9,25.9,25,25.3,17,7380,186631.8
6/11/21,26.4,26.4,25.7,25.7,24,28563,737798.3
6/10/21,26.3,26.3,25.4,25.8,53,26078,671168.8
6/9/21,26,26.6,25.5,26,82,58658,1527769.2
6/8/21,26.8,26.8,25,25.8,77,95342,2460518.1
6/7/21,25,27.6,25,26.9,309,313479,8287812.4
6/4/21,24.8,25.4,24.5,25.1,108,122600,3061756
6/3/21,23.6,26,23.6,24.7,163,167732,4163247.8
6/2/21,23.9,24.2,23,23.5,116,122254,2881742.8
6/1/21,22.4,24,22.4,23.5,130,168442,3935602.8
5/31/21,21,22,21,21.7,26,4327,92992.7
5/28/21,20.3,22.9,20,21.4,55,33153,706232.5
5/25/21,20,20.5,19.9,20,10,2127,42509
5/24/21,20.5,20.5,20,20,9,5805,116682.5
5/21/21,20.5,20.8,19.8,20.2,13,1444,28951
5/20/21,20.2,20.2,19.8,19.8,16,7841,156250.3
5/19/21,19.7,20.6,19.7,20.2,36,22601,455771.6
5/18/21,20,20,19.5,19.7,29,17509,346994
5/17/21,20.5,20.5,19.5,20,45,10657,210349.3
5/13/21,19.9,20.5,19.9,20,21,8695,173890
5/12/21,20,20,19.8,19.9,11,5300,105970
5/11/21,20,20.6,20,20,8,10327,206706.2
5/10/21,19.8,20,19.6,20,25,18041,360303.1
5/7/21,19.7,20,19.7,20,9,1676,33474
5/6/21,20.6,20.6,19.8,19.9,14,9635,192201
5/5/21,20,20,19.6,19.7,49,22619,450021
5/4/21,20.1,20.1,19.9,20,34,8611,172210.2
5/3/21,20.3,20.9,20,20,51,29671,594766.4
4/29/21,21,21,21,21,5,10250,215250
4/28/21,20,21.5,20,20.8,10,2610,52295
4/27/21,20.9,21.5,20.1,20.6,37,49282,1048617.1
4/23/21,21,21.5,21,21.3,4,955,20246.5
4/22/21,22.3,22.3,21,21,9,970,20406
4/21/21,21,22,21,21.1,17,2399,50480.2
4/20/21,22.4,22.4,21,21.1,21,3220,68181.5
4/19/21,22.4,22.4,21.4,21.5,9,2040,43975
4/16/21,22.8,22.8,21.5,21.5,19,7498,161325
4/15/21,21.7,22.9,21.5,21.9,18,18390,402788
4/12/21,22.5,22.7,21.5,21.8,18,8256,181652.5
4/9/21,22,22.5,21.5,21.6,39,23095,500515.5
4/8/21,21.9,21.9,21.8,21.9,8,1040,22771
4/7/21,22.5,22.5,21,21.2,28,14159,302062.7
4/6/21,21.9,22.5,21.1,21.4,23,6610,141793.9
4/5/21,22.5,22.6,21,21.4,24,4803,102948.6
4/1/21,22.5,22.5,21.5,21.9,8,2601,56511.5
